horizon,fold,model,demand_regime,n_features,train_end,test_start,test_end,n_train,n_test,training_time_seconds,prediction_time_seconds,selected_features,RMSE,MAE,sMAPE,R2
28,1,Ridge_All,All_Regimes,132,2016-01-31,2016-02-01,2016-02-28,212760,3360,1.9467332363128662,0.0347142219543457,"lag_1, lag_7, lag_14, lag_28, rolling_mean_7, rolling_std_7, rolling_mean_14, rolling_std_14, rolling_mean_28, rolling_std_28, sell_price, price_lag_7, price_change_7, price_rolling_mean_28, price_rolling_std_28, wday, month, year, is_weekend, dayofweek, dayofmonth, weekofyear, quarter, month_sin, month_cos, dow_sin, dow_cos, has_event_1, has_event_2, has_any_event, snap_active, item_id_FOODS_3_007, item_id_FOODS_3_030, item_id_FOODS_3_042, item_id_FOODS_3_064, item_id_FOODS_3_080, item_id_FOODS_3_086, item_id_FOODS_3_090, item_id_FOODS_3_099, item_id_FOODS_3_120, item_id_FOODS_3_150, item_id_FOODS_3_202, item_id_FOODS_3_219, item_id_FOODS_3_226, item_id_FOODS_3_234, item_id_FOODS_3_245, item_id_FOODS_3_252, item_id_FOODS_3_281, item_id_FOODS_3_282, item_id_FOODS_3_288, item_id_FOODS_3_295, item_id_FOODS_3_318, item_id_FOODS_3_319, item_id_FOODS_3_329, item_id_FOODS_3_351, item_id_FOODS_3_362, item_id_FOODS_3_376, item_id_FOODS_3_377, item_id_FOODS_3_404, item_id_FOODS_3_406, item_id_FOODS_3_412, item_id_FOODS_3_435, item_id_FOODS_3_455, item_id_FOODS_3_462, item_id_FOODS_3_491, item_id_FOODS_3_498, item_id_FOODS_3_499, item_id_FOODS_3_501, item_id_FOODS_3_541, item_id_FOODS_3_547, item_id_FOODS_3_555, item_id_FOODS_3_586, item_id_FOODS_3_587, item_id_FOODS_3_607, item_id_FOODS_3_635, item_id_FOODS_3_668, item_id_FOODS_3_681, item_id_FOODS_3_694, item_id_FOODS_3_702, item_id_FOODS_3_711, item_id_FOODS_3_714, item_id_FOODS_3_723, item_id_FOODS_3_739, item_id_FOODS_3_741, item_id_FOODS_3_744, item_id_FOODS_3_752, item_id_FOODS_3_755, item_id_FOODS_3_764, item_id_FOODS_3_785, item_id_FOODS_3_800, item_id_FOODS_3_808, item_id_FOODS_3_811, item_id_HOBBIES_1_008, item_id_HOBBIES_1_048, item_id_HOBBIES_1_178, item_id_HOBBIES_1_254, item_id_HOBBIES_1_256, item_id_HOBBIES_1_268, item_id_HOBBIES_1_278, item_id_HOBBIES_1_295, item_id_HOBBIES_1_341, item_id_HOBBIES_1_348, item_id_HOBBIES_1_370, item_id_HOBBIES_1_371, item_id_HOUSEHOLD_1_110, item_id_HOUSEHOLD_1_179, item_id_HOUSEHOLD_1_277, item_id_HOUSEHOLD_1_303, item_id_HOUSEHOLD_1_327, item_id_HOUSEHOLD_1_334, item_id_HOUSEHOLD_1_439, item_id_HOUSEHOLD_1_459, dept_id_FOODS_3, dept_id_HOBBIES_1, dept_id_HOUSEHOLD_1, cat_id_FOODS, cat_id_HOBBIES, cat_id_HOUSEHOLD, store_id_CA_1, store_id_TX_1, store_id_WI_1, state_id_CA, state_id_TX, state_id_WI, event_type_1_Cultural, event_type_1_National, event_type_1_NoEvent, event_type_1_Religious, event_type_1_Sporting, event_type_2_Cultural, event_type_2_NoEvent, event_type_2_Religious",9.352137586621394,6.182470413435457,70.65247969725765,0.5062971432922627
28,1,Ridge_All,Erratic,132,2016-01-31,2016-02-01,2016-02-28,212760,840,1.9467332363128662,0.0347142219543457,"lag_1, lag_7, lag_14, lag_28, rolling_mean_7, rolling_std_7, rolling_mean_14, rolling_std_14, rolling_mean_28, rolling_std_28, sell_price, price_lag_7, price_change_7, price_rolling_mean_28, price_rolling_std_28, wday, month, year, is_weekend, dayofweek, dayofmonth, weekofyear, quarter, month_sin, month_cos, dow_sin, dow_cos, has_event_1, has_event_2, has_any_event, snap_active, item_id_FOODS_3_007, item_id_FOODS_3_030, item_id_FOODS_3_042, item_id_FOODS_3_064, item_id_FOODS_3_080, item_id_FOODS_3_086, item_id_FOODS_3_090, item_id_FOODS_3_099, item_id_FOODS_3_120, item_id_FOODS_3_150, item_id_FOODS_3_202, item_id_FOODS_3_219, item_id_FOODS_3_226, item_id_FOODS_3_234, item_id_FOODS_3_245, item_id_FOODS_3_252, item_id_FOODS_3_281, item_id_FOODS_3_282, item_id_FOODS_3_288, item_id_FOODS_3_295, item_id_FOODS_3_318, item_id_FOODS_3_319, item_id_FOODS_3_329, item_id_FOODS_3_351, item_id_FOODS_3_362, item_id_FOODS_3_376, item_id_FOODS_3_377, item_id_FOODS_3_404, item_id_FOODS_3_406, item_id_FOODS_3_412, item_id_FOODS_3_435, item_id_FOODS_3_455, item_id_FOODS_3_462, item_id_FOODS_3_491, item_id_FOODS_3_498, item_id_FOODS_3_499, item_id_FOODS_3_501, item_id_FOODS_3_541, item_id_FOODS_3_547, item_id_FOODS_3_555, item_id_FOODS_3_586, item_id_FOODS_3_587, item_id_FOODS_3_607, item_id_FOODS_3_635, item_id_FOODS_3_668, item_id_FOODS_3_681, item_id_FOODS_3_694, item_id_FOODS_3_702, item_id_FOODS_3_711, item_id_FOODS_3_714, item_id_FOODS_3_723, item_id_FOODS_3_739, item_id_FOODS_3_741, item_id_FOODS_3_744, item_id_FOODS_3_752, item_id_FOODS_3_755, item_id_FOODS_3_764, item_id_FOODS_3_785, item_id_FOODS_3_800, item_id_FOODS_3_808, item_id_FOODS_3_811, item_id_HOBBIES_1_008, item_id_HOBBIES_1_048, item_id_HOBBIES_1_178, item_id_HOBBIES_1_254, item_id_HOBBIES_1_256, item_id_HOBBIES_1_268, item_id_HOBBIES_1_278, item_id_HOBBIES_1_295, item_id_HOBBIES_1_341, item_id_HOBBIES_1_348, item_id_HOBBIES_1_370, item_id_HOBBIES_1_371, item_id_HOUSEHOLD_1_110, item_id_HOUSEHOLD_1_179, item_id_HOUSEHOLD_1_277, item_id_HOUSEHOLD_1_303, item_id_HOUSEHOLD_1_327, item_id_HOUSEHOLD_1_334, item_id_HOUSEHOLD_1_439, item_id_HOUSEHOLD_1_459, dept_id_FOODS_3, dept_id_HOBBIES_1, dept_id_HOUSEHOLD_1, cat_id_FOODS, cat_id_HOBBIES, cat_id_HOUSEHOLD, store_id_CA_1, store_id_TX_1, store_id_WI_1, state_id_CA, state_id_TX, state_id_WI, event_type_1_Cultural, event_type_1_National, event_type_1_NoEvent, event_type_1_Religious, event_type_1_Sporting, event_type_2_Cultural, event_type_2_NoEvent, event_type_2_Religious",7.97783941589717,5.519507187401163,85.34334002985348,-0.031628390914783644
28,1,Ridge_All,Intermittent,132,2016-01-31,2016-02-01,2016-02-28,212760,840,1.9467332363128662,0.0347142219543457,"lag_1, lag_7, lag_14, lag_28, rolling_mean_7, rolling_std_7, rolling_mean_14, rolling_std_14, rolling_mean_28, rolling_std_28, sell_price, price_lag_7, price_change_7, price_rolling_mean_28, price_rolling_std_28, wday, month, year, is_weekend, dayofweek, dayofmonth, weekofyear, quarter, month_sin, month_cos, dow_sin, dow_cos, has_event_1, has_event_2, has_any_event, snap_active, item_id_FOODS_3_007, item_id_FOODS_3_030, item_id_FOODS_3_042, item_id_FOODS_3_064, item_id_FOODS_3_080, item_id_FOODS_3_086, item_id_FOODS_3_090, item_id_FOODS_3_099, item_id_FOODS_3_120, item_id_FOODS_3_150, item_id_FOODS_3_202, item_id_FOODS_3_219, item_id_FOODS_3_226, item_id_FOODS_3_234, item_id_FOODS_3_245, item_id_FOODS_3_252, item_id_FOODS_3_281, item_id_FOODS_3_282, item_id_FOODS_3_288, item_id_FOODS_3_295, item_id_FOODS_3_318, item_id_FOODS_3_319, item_id_FOODS_3_329, item_id_FOODS_3_351, item_id_FOODS_3_362, item_id_FOODS_3_376, item_id_FOODS_3_377, item_id_FOODS_3_404, item_id_FOODS_3_406, item_id_FOODS_3_412, item_id_FOODS_3_435, item_id_FOODS_3_455, item_id_FOODS_3_462, item_id_FOODS_3_491, item_id_FOODS_3_498, item_id_FOODS_3_499, item_id_FOODS_3_501, item_id_FOODS_3_541, item_id_FOODS_3_547, item_id_FOODS_3_555, item_id_FOODS_3_586, item_id_FOODS_3_587, item_id_FOODS_3_607, item_id_FOODS_3_635, item_id_FOODS_3_668, item_id_FOODS_3_681, item_id_FOODS_3_694, item_id_FOODS_3_702, item_id_FOODS_3_711, item_id_FOODS_3_714, item_id_FOODS_3_723, item_id_FOODS_3_739, item_id_FOODS_3_741, item_id_FOODS_3_744, item_id_FOODS_3_752, item_id_FOODS_3_755, item_id_FOODS_3_764, item_id_FOODS_3_785, item_id_FOODS_3_800, item_id_FOODS_3_808, item_id_FOODS_3_811, item_id_HOBBIES_1_008, item_id_HOBBIES_1_048, item_id_HOBBIES_1_178, item_id_HOBBIES_1_254, item_id_HOBBIES_1_256, item_id_HOBBIES_1_268, item_id_HOBBIES_1_278, item_id_HOBBIES_1_295, item_id_HOBBIES_1_341, item_id_HOBBIES_1_348, item_id_HOBBIES_1_370, item_id_HOBBIES_1_371, item_id_HOUSEHOLD_1_110, item_id_HOUSEHOLD_1_179, item_id_HOUSEHOLD_1_277, item_id_HOUSEHOLD_1_303, item_id_HOUSEHOLD_1_327, item_id_HOUSEHOLD_1_334, item_id_HOUSEHOLD_1_439, item_id_HOUSEHOLD_1_459, dept_id_FOODS_3, dept_id_HOBBIES_1, dept_id_HOUSEHOLD_1, cat_id_FOODS, cat_id_HOBBIES, cat_id_HOUSEHOLD, store_id_CA_1, store_id_TX_1, store_id_WI_1, state_id_CA, state_id_TX, state_id_WI, event_type_1_Cultural, event_type_1_National, event_type_1_NoEvent, event_type_1_Religious, event_type_1_Sporting, event_type_2_Cultural, event_type_2_NoEvent, event_type_2_Religious",11.376990464976553,6.900899012965224,54.77931406593651,0.49630451875094606
28,1,Ridge_All,Lumpy,132,2016-01-31,2016-02-01,2016-02-28,212760,840,1.9467332363128662,0.0347142219543457,"lag_1, lag_7, lag_14, lag_28, rolling_mean_7, rolling_std_7, rolling_mean_14, rolling_std_14, rolling_mean_28, rolling_std_28, sell_price, price_lag_7, price_change_7, price_rolling_mean_28, price_rolling_std_28, wday, month, year, is_weekend, dayofweek, dayofmonth, weekofyear, quarter, month_sin, month_cos, dow_sin, dow_cos, has_event_1, has_event_2, has_any_event, snap_active, item_id_FOODS_3_007, item_id_FOODS_3_030, item_id_FOODS_3_042, item_id_FOODS_3_064, item_id_FOODS_3_080, item_id_FOODS_3_086, item_id_FOODS_3_090, item_id_FOODS_3_099, item_id_FOODS_3_120, item_id_FOODS_3_150, item_id_FOODS_3_202, item_id_FOODS_3_219, item_id_FOODS_3_226, item_id_FOODS_3_234, item_id_FOODS_3_245, item_id_FOODS_3_252, item_id_FOODS_3_281, item_id_FOODS_3_282, item_id_FOODS_3_288, item_id_FOODS_3_295, item_id_FOODS_3_318, item_id_FOODS_3_319, item_id_FOODS_3_329, item_id_FOODS_3_351, item_id_FOODS_3_362, item_id_FOODS_3_376, item_id_FOODS_3_377, item_id_FOODS_3_404, item_id_FOODS_3_406, item_id_FOODS_3_412, item_id_FOODS_3_435, item_id_FOODS_3_455, item_id_FOODS_3_462, item_id_FOODS_3_491, item_id_FOODS_3_498, item_id_FOODS_3_499, item_id_FOODS_3_501, item_id_FOODS_3_541, item_id_FOODS_3_547, item_id_FOODS_3_555, item_id_FOODS_3_586, item_id_FOODS_3_587, item_id_FOODS_3_607, item_id_FOODS_3_635, item_id_FOODS_3_668, item_id_FOODS_3_681, item_id_FOODS_3_694, item_id_FOODS_3_702, item_id_FOODS_3_711, item_id_FOODS_3_714, item_id_FOODS_3_723, item_id_FOODS_3_739, item_id_FOODS_3_741, item_id_FOODS_3_744, item_id_FOODS_3_752, item_id_FOODS_3_755, item_id_FOODS_3_764, item_id_FOODS_3_785, item_id_FOODS_3_800, item_id_FOODS_3_808, item_id_FOODS_3_811, item_id_HOBBIES_1_008, item_id_HOBBIES_1_048, item_id_HOBBIES_1_178, item_id_HOBBIES_1_254, item_id_HOBBIES_1_256, item_id_HOBBIES_1_268, item_id_HOBBIES_1_278, item_id_HOBBIES_1_295, item_id_HOBBIES_1_341, item_id_HOBBIES_1_348, item_id_HOBBIES_1_370, item_id_HOBBIES_1_371, item_id_HOUSEHOLD_1_110, item_id_HOUSEHOLD_1_179, item_id_HOUSEHOLD_1_277, item_id_HOUSEHOLD_1_303, item_id_HOUSEHOLD_1_327, item_id_HOUSEHOLD_1_334, item_id_HOUSEHOLD_1_439, item_id_HOUSEHOLD_1_459, dept_id_FOODS_3, dept_id_HOBBIES_1, dept_id_HOUSEHOLD_1, cat_id_FOODS, cat_id_HOBBIES, cat_id_HOUSEHOLD, store_id_CA_1, store_id_TX_1, store_id_WI_1, state_id_CA, state_id_TX, state_id_WI, event_type_1_Cultural, event_type_1_National, event_type_1_NoEvent, event_type_1_Religious, event_type_1_Sporting, event_type_2_Cultural, event_type_2_NoEvent, event_type_2_Religious",8.787020761768463,6.0904088932774485,110.12703501335888,-0.02623260174536801
28,1,Ridge_All,Smooth,132,2016-01-31,2016-02-01,2016-02-28,212760,840,1.9467332363128662,0.0347142219543457,"lag_1, lag_7, lag_14, lag_28, rolling_mean_7, rolling_std_7, rolling_mean_14, rolling_std_14, rolling_mean_28, rolling_std_28, sell_price, price_lag_7, price_change_7, price_rolling_mean_28, price_rolling_std_28, wday, month, year, is_weekend, dayofweek, dayofmonth, weekofyear, quarter, month_sin, month_cos, dow_sin, dow_cos, has_event_1, has_event_2, has_any_event, snap_active, item_id_FOODS_3_007, item_id_FOODS_3_030, item_id_FOODS_3_042, item_id_FOODS_3_064, item_id_FOODS_3_080, item_id_FOODS_3_086, item_id_FOODS_3_090, item_id_FOODS_3_099, item_id_FOODS_3_120, item_id_FOODS_3_150, item_id_FOODS_3_202, item_id_FOODS_3_219, item_id_FOODS_3_226, item_id_FOODS_3_234, item_id_FOODS_3_245, item_id_FOODS_3_252, item_id_FOODS_3_281, item_id_FOODS_3_282, item_id_FOODS_3_288, item_id_FOODS_3_295, item_id_FOODS_3_318, item_id_FOODS_3_319, item_id_FOODS_3_329, item_id_FOODS_3_351, item_id_FOODS_3_362, item_id_FOODS_3_376, item_id_FOODS_3_377, item_id_FOODS_3_404, item_id_FOODS_3_406, item_id_FOODS_3_412, item_id_FOODS_3_435, item_id_FOODS_3_455, item_id_FOODS_3_462, item_id_FOODS_3_491, item_id_FOODS_3_498, item_id_FOODS_3_499, item_id_FOODS_3_501, item_id_FOODS_3_541, item_id_FOODS_3_547, item_id_FOODS_3_555, item_id_FOODS_3_586, item_id_FOODS_3_587, item_id_FOODS_3_607, item_id_FOODS_3_635, item_id_FOODS_3_668, item_id_FOODS_3_681, item_id_FOODS_3_694, item_id_FOODS_3_702, item_id_FOODS_3_711, item_id_FOODS_3_714, item_id_FOODS_3_723, item_id_FOODS_3_739, item_id_FOODS_3_741, item_id_FOODS_3_744, item_id_FOODS_3_752, item_id_FOODS_3_755, item_id_FOODS_3_764, item_id_FOODS_3_785, item_id_FOODS_3_800, item_id_FOODS_3_808, item_id_FOODS_3_811, item_id_HOBBIES_1_008, item_id_HOBBIES_1_048, item_id_HOBBIES_1_178, item_id_HOBBIES_1_254, item_id_HOBBIES_1_256, item_id_HOBBIES_1_268, item_id_HOBBIES_1_278, item_id_HOBBIES_1_295, item_id_HOBBIES_1_341, item_id_HOBBIES_1_348, item_id_HOBBIES_1_370, item_id_HOBBIES_1_371, item_id_HOUSEHOLD_1_110, item_id_HOUSEHOLD_1_179, item_id_HOUSEHOLD_1_277, item_id_HOUSEHOLD_1_303, item_id_HOUSEHOLD_1_327, item_id_HOUSEHOLD_1_334, item_id_HOUSEHOLD_1_439, item_id_HOUSEHOLD_1_459, dept_id_FOODS_3, dept_id_HOBBIES_1, dept_id_HOUSEHOLD_1, cat_id_FOODS, cat_id_HOBBIES, cat_id_HOUSEHOLD, store_id_CA_1, store_id_TX_1, store_id_WI_1, state_id_CA, state_id_TX, state_id_WI, event_type_1_Cultural, event_type_1_National, event_type_1_NoEvent, event_type_1_Religious, event_type_1_Sporting, event_type_2_Cultural, event_type_2_NoEvent, event_type_2_Religious",8.919436198697008,6.219066560097991,32.360229679881776,0.5235608252425962
28,1,Boosting_All,All_Regimes,132,2016-01-31,2016-02-01,2016-02-28,212760,3360,28.123716831207275,0.04764914512634277,"lag_1, lag_7, lag_14, lag_28, rolling_mean_7, rolling_std_7, rolling_mean_14, rolling_std_14, rolling_mean_28, rolling_std_28, sell_price, price_lag_7, price_change_7, price_rolling_mean_28, price_rolling_std_28, wday, month, year, is_weekend, dayofweek, dayofmonth, weekofyear, quarter, month_sin, month_cos, dow_sin, dow_cos, has_event_1, has_event_2, has_any_event, snap_active, item_id_FOODS_3_007, item_id_FOODS_3_030, item_id_FOODS_3_042, item_id_FOODS_3_064, item_id_FOODS_3_080, item_id_FOODS_3_086, item_id_FOODS_3_090, item_id_FOODS_3_099, item_id_FOODS_3_120, item_id_FOODS_3_150, item_id_FOODS_3_202, item_id_FOODS_3_219, item_id_FOODS_3_226, item_id_FOODS_3_234, item_id_FOODS_3_245, item_id_FOODS_3_252, item_id_FOODS_3_281, item_id_FOODS_3_282, item_id_FOODS_3_288, item_id_FOODS_3_295, item_id_FOODS_3_318, item_id_FOODS_3_319, item_id_FOODS_3_329, item_id_FOODS_3_351, item_id_FOODS_3_362, item_id_FOODS_3_376, item_id_FOODS_3_377, item_id_FOODS_3_404, item_id_FOODS_3_406, item_id_FOODS_3_412, item_id_FOODS_3_435, item_id_FOODS_3_455, item_id_FOODS_3_462, item_id_FOODS_3_491, item_id_FOODS_3_498, item_id_FOODS_3_499, item_id_FOODS_3_501, item_id_FOODS_3_541, item_id_FOODS_3_547, item_id_FOODS_3_555, item_id_FOODS_3_586, item_id_FOODS_3_587, item_id_FOODS_3_607, item_id_FOODS_3_635, item_id_FOODS_3_668, item_id_FOODS_3_681, item_id_FOODS_3_694, item_id_FOODS_3_702, item_id_FOODS_3_711, item_id_FOODS_3_714, item_id_FOODS_3_723, item_id_FOODS_3_739, item_id_FOODS_3_741, item_id_FOODS_3_744, item_id_FOODS_3_752, item_id_FOODS_3_755, item_id_FOODS_3_764, item_id_FOODS_3_785, item_id_FOODS_3_800, item_id_FOODS_3_808, item_id_FOODS_3_811, item_id_HOBBIES_1_008, item_id_HOBBIES_1_048, item_id_HOBBIES_1_178, item_id_HOBBIES_1_254, item_id_HOBBIES_1_256, item_id_HOBBIES_1_268, item_id_HOBBIES_1_278, item_id_HOBBIES_1_295, item_id_HOBBIES_1_341, item_id_HOBBIES_1_348, item_id_HOBBIES_1_370, item_id_HOBBIES_1_371, item_id_HOUSEHOLD_1_110, item_id_HOUSEHOLD_1_179, item_id_HOUSEHOLD_1_277, item_id_HOUSEHOLD_1_303, item_id_HOUSEHOLD_1_327, item_id_HOUSEHOLD_1_334, item_id_HOUSEHOLD_1_439, item_id_HOUSEHOLD_1_459, dept_id_FOODS_3, dept_id_HOBBIES_1, dept_id_HOUSEHOLD_1, cat_id_FOODS, cat_id_HOBBIES, cat_id_HOUSEHOLD, store_id_CA_1, store_id_TX_1, store_id_WI_1, state_id_CA, state_id_TX, state_id_WI, event_type_1_Cultural, event_type_1_National, event_type_1_NoEvent, event_type_1_Religious, event_type_1_Sporting, event_type_2_Cultural, event_type_2_NoEvent, event_type_2_Religious",9.482315178828719,6.163236794813107,66.44232682868395,0.4924572383870036
28,1,Boosting_All,Erratic,132,2016-01-31,2016-02-01,2016-02-28,212760,840,28.123716831207275,0.04764914512634277,"lag_1, lag_7, lag_14, lag_28, rolling_mean_7, rolling_std_7, rolling_mean_14, rolling_std_14, rolling_mean_28, rolling_std_28, sell_price, price_lag_7, price_change_7, price_rolling_mean_28, price_rolling_std_28, wday, month, year, is_weekend, dayofweek, dayofmonth, weekofyear, quarter, month_sin, month_cos, dow_sin, dow_cos, has_event_1, has_event_2, has_any_event, snap_active, item_id_FOODS_3_007, item_id_FOODS_3_030, item_id_FOODS_3_042, item_id_FOODS_3_064, item_id_FOODS_3_080, item_id_FOODS_3_086, item_id_FOODS_3_090, item_id_FOODS_3_099, item_id_FOODS_3_120, item_id_FOODS_3_150, item_id_FOODS_3_202, item_id_FOODS_3_219, item_id_FOODS_3_226, item_id_FOODS_3_234, item_id_FOODS_3_245, item_id_FOODS_3_252, item_id_FOODS_3_281, item_id_FOODS_3_282, item_id_FOODS_3_288, item_id_FOODS_3_295, item_id_FOODS_3_318, item_id_FOODS_3_319, item_id_FOODS_3_329, item_id_FOODS_3_351, item_id_FOODS_3_362, item_id_FOODS_3_376, item_id_FOODS_3_377, item_id_FOODS_3_404, item_id_FOODS_3_406, item_id_FOODS_3_412, item_id_FOODS_3_435, item_id_FOODS_3_455, item_id_FOODS_3_462, item_id_FOODS_3_491, item_id_FOODS_3_498, item_id_FOODS_3_499, item_id_FOODS_3_501, item_id_FOODS_3_541, item_id_FOODS_3_547, item_id_FOODS_3_555, item_id_FOODS_3_586, item_id_FOODS_3_587, item_id_FOODS_3_607, item_id_FOODS_3_635, item_id_FOODS_3_668, item_id_FOODS_3_681, item_id_FOODS_3_694, item_id_FOODS_3_702, item_id_FOODS_3_711, item_id_FOODS_3_714, item_id_FOODS_3_723, item_id_FOODS_3_739, item_id_FOODS_3_741, item_id_FOODS_3_744, item_id_FOODS_3_752, item_id_FOODS_3_755, item_id_FOODS_3_764, item_id_FOODS_3_785, item_id_FOODS_3_800, item_id_FOODS_3_808, item_id_FOODS_3_811, item_id_HOBBIES_1_008, item_id_HOBBIES_1_048, item_id_HOBBIES_1_178, item_id_HOBBIES_1_254, item_id_HOBBIES_1_256, item_id_HOBBIES_1_268, item_id_HOBBIES_1_278, item_id_HOBBIES_1_295, item_id_HOBBIES_1_341, item_id_HOBBIES_1_348, item_id_HOBBIES_1_370, item_id_HOBBIES_1_371, item_id_HOUSEHOLD_1_110, item_id_HOUSEHOLD_1_179, item_id_HOUSEHOLD_1_277, item_id_HOUSEHOLD_1_303, item_id_HOUSEHOLD_1_327, item_id_HOUSEHOLD_1_334, item_id_HOUSEHOLD_1_439, item_id_HOUSEHOLD_1_459, dept_id_FOODS_3, dept_id_HOBBIES_1, dept_id_HOUSEHOLD_1, cat_id_FOODS, cat_id_HOBBIES, cat_id_HOUSEHOLD, store_id_CA_1, store_id_TX_1, store_id_WI_1, state_id_CA, state_id_TX, state_id_WI, event_type_1_Cultural, event_type_1_National, event_type_1_NoEvent, event_type_1_Religious, event_type_1_Sporting, event_type_2_Cultural, event_type_2_NoEvent, event_type_2_Religious",7.806185829156025,5.521477519008316,84.59128132424317,0.012287667544763181
28,1,Boosting_All,Intermittent,132,2016-01-31,2016-02-01,2016-02-28,212760,840,28.123716831207275,0.04764914512634277,"lag_1, lag_7, lag_14, lag_28, rolling_mean_7, rolling_std_7, rolling_mean_14, rolling_std_14, rolling_mean_28, rolling_std_28, sell_price, price_lag_7, price_change_7, price_rolling_mean_28, price_rolling_std_28, wday, month, year, is_weekend, dayofweek, dayofmonth, weekofyear, quarter, month_sin, month_cos, dow_sin, dow_cos, has_event_1, has_event_2, has_any_event, snap_active, item_id_FOODS_3_007, item_id_FOODS_3_030, item_id_FOODS_3_042, item_id_FOODS_3_064, item_id_FOODS_3_080, item_id_FOODS_3_086, item_id_FOODS_3_090, item_id_FOODS_3_099, item_id_FOODS_3_120, item_id_FOODS_3_150, item_id_FOODS_3_202, item_id_FOODS_3_219, item_id_FOODS_3_226, item_id_FOODS_3_234, item_id_FOODS_3_245, item_id_FOODS_3_252, item_id_FOODS_3_281, item_id_FOODS_3_282, item_id_FOODS_3_288, item_id_FOODS_3_295, item_id_FOODS_3_318, item_id_FOODS_3_319, item_id_FOODS_3_329, item_id_FOODS_3_351, item_id_FOODS_3_362, item_id_FOODS_3_376, item_id_FOODS_3_377, item_id_FOODS_3_404, item_id_FOODS_3_406, item_id_FOODS_3_412, item_id_FOODS_3_435, item_id_FOODS_3_455, item_id_FOODS_3_462, item_id_FOODS_3_491, item_id_FOODS_3_498, item_id_FOODS_3_499, item_id_FOODS_3_501, item_id_FOODS_3_541, item_id_FOODS_3_547, item_id_FOODS_3_555, item_id_FOODS_3_586, item_id_FOODS_3_587, item_id_FOODS_3_607, item_id_FOODS_3_635, item_id_FOODS_3_668, item_id_FOODS_3_681, item_id_FOODS_3_694, item_id_FOODS_3_702, item_id_FOODS_3_711, item_id_FOODS_3_714, item_id_FOODS_3_723, item_id_FOODS_3_739, item_id_FOODS_3_741, item_id_FOODS_3_744, item_id_FOODS_3_752, item_id_FOODS_3_755, item_id_FOODS_3_764, item_id_FOODS_3_785, item_id_FOODS_3_800, item_id_FOODS_3_808, item_id_FOODS_3_811, item_id_HOBBIES_1_008, item_id_HOBBIES_1_048, item_id_HOBBIES_1_178, item_id_HOBBIES_1_254, item_id_HOBBIES_1_256, item_id_HOBBIES_1_268, item_id_HOBBIES_1_278, item_id_HOBBIES_1_295, item_id_HOBBIES_1_341, item_id_HOBBIES_1_348, item_id_HOBBIES_1_370, item_id_HOBBIES_1_371, item_id_HOUSEHOLD_1_110, item_id_HOUSEHOLD_1_179, item_id_HOUSEHOLD_1_277, item_id_HOUSEHOLD_1_303, item_id_HOUSEHOLD_1_327, item_id_HOUSEHOLD_1_334, item_id_HOUSEHOLD_1_439, item_id_HOUSEHOLD_1_459, dept_id_FOODS_3, dept_id_HOBBIES_1, dept_id_HOUSEHOLD_1, cat_id_FOODS, cat_id_HOBBIES, cat_id_HOUSEHOLD, store_id_CA_1, store_id_TX_1, store_id_WI_1, state_id_CA, state_id_TX, state_id_WI, event_type_1_Cultural, event_type_1_National, event_type_1_NoEvent, event_type_1_Religious, event_type_1_Sporting, event_type_2_Cultural, event_type_2_NoEvent, event_type_2_Religious",12.21501933270246,7.0197104827849905,50.14071129276573,0.41936717548740243
28,1,Boosting_All,Lumpy,132,2016-01-31,2016-02-01,2016-02-28,212760,840,28.123716831207275,0.04764914512634277,"lag_1, lag_7, lag_14, lag_28, rolling_mean_7, rolling_std_7, rolling_mean_14, rolling_std_14, rolling_mean_28, rolling_std_28, sell_price, price_lag_7, price_change_7, price_rolling_mean_28, price_rolling_std_28, wday, month, year, is_weekend, dayofweek, dayofmonth, weekofyear, quarter, month_sin, month_cos, dow_sin, dow_cos, has_event_1, has_event_2, has_any_event, snap_active, item_id_FOODS_3_007, item_id_FOODS_3_030, item_id_FOODS_3_042, item_id_FOODS_3_064, item_id_FOODS_3_080, item_id_FOODS_3_086, item_id_FOODS_3_090, item_id_FOODS_3_099, item_id_FOODS_3_120, item_id_FOODS_3_150, item_id_FOODS_3_202, item_id_FOODS_3_219, item_id_FOODS_3_226, item_id_FOODS_3_234, item_id_FOODS_3_245, item_id_FOODS_3_252, item_id_FOODS_3_281, item_id_FOODS_3_282, item_id_FOODS_3_288, item_id_FOODS_3_295, item_id_FOODS_3_318, item_id_FOODS_3_319, item_id_FOODS_3_329, item_id_FOODS_3_351, item_id_FOODS_3_362, item_id_FOODS_3_376, item_id_FOODS_3_377, item_id_FOODS_3_404, item_id_FOODS_3_406, item_id_FOODS_3_412, item_id_FOODS_3_435, item_id_FOODS_3_455, item_id_FOODS_3_462, item_id_FOODS_3_491, item_id_FOODS_3_498, item_id_FOODS_3_499, item_id_FOODS_3_501, item_id_FOODS_3_541, item_id_FOODS_3_547, item_id_FOODS_3_555, item_id_FOODS_3_586, item_id_FOODS_3_587, item_id_FOODS_3_607, item_id_FOODS_3_635, item_id_FOODS_3_668, item_id_FOODS_3_681, item_id_FOODS_3_694, item_id_FOODS_3_702, item_id_FOODS_3_711, item_id_FOODS_3_714, item_id_FOODS_3_723, item_id_FOODS_3_739, item_id_FOODS_3_741, item_id_FOODS_3_744, item_id_FOODS_3_752, item_id_FOODS_3_755, item_id_FOODS_3_764, item_id_FOODS_3_785, item_id_FOODS_3_800, item_id_FOODS_3_808, item_id_FOODS_3_811, item_id_HOBBIES_1_008, item_id_HOBBIES_1_048, item_id_HOBBIES_1_178, item_id_HOBBIES_1_254, item_id_HOBBIES_1_256, item_id_HOBBIES_1_268, item_id_HOBBIES_1_278, item_id_HOBBIES_1_295, item_id_HOBBIES_1_341, item_id_HOBBIES_1_348, item_id_HOBBIES_1_370, item_id_HOBBIES_1_371, item_id_HOUSEHOLD_1_110, item_id_HOUSEHOLD_1_179, item_id_HOUSEHOLD_1_277, item_id_HOUSEHOLD_1_303, item_id_HOUSEHOLD_1_327, item_id_HOUSEHOLD_1_334, item_id_HOUSEHOLD_1_439, item_id_HOUSEHOLD_1_459, dept_id_FOODS_3, dept_id_HOBBIES_1, dept_id_HOUSEHOLD_1, cat_id_FOODS, cat_id_HOBBIES, cat_id_HOUSEHOLD, store_id_CA_1, store_id_TX_1, store_id_WI_1, state_id_CA, state_id_TX, state_id_WI, event_type_1_Cultural, event_type_1_National, event_type_1_NoEvent, event_type_1_Religious, event_type_1_Sporting, event_type_2_Cultural, event_type_2_NoEvent, event_type_2_Religious",8.30091829798825,5.952099173635135,98.70865215533026,0.08417017871288834
28,1,Boosting_All,Smooth,132,2016-01-31,2016-02-01,2016-02-28,212760,840,28.123716831207275,0.04764914512634277,"lag_1, lag_7, lag_14, lag_28, rolling_mean_7, rolling_std_7, rolling_mean_14, rolling_std_14, rolling_mean_28, rolling_std_28, sell_price, price_lag_7, price_change_7, price_rolling_mean_28, price_rolling_std_28, wday, month, year, is_weekend, dayofweek, dayofmonth, weekofyear, quarter, month_sin, month_cos, dow_sin, dow_cos, has_event_1, has_event_2, has_any_event, snap_active, item_id_FOODS_3_007, item_id_FOODS_3_030, item_id_FOODS_3_042, item_id_FOODS_3_064, item_id_FOODS_3_080, item_id_FOODS_3_086, item_id_FOODS_3_090, item_id_FOODS_3_099, item_id_FOODS_3_120, item_id_FOODS_3_150, item_id_FOODS_3_202, item_id_FOODS_3_219, item_id_FOODS_3_226, item_id_FOODS_3_234, item_id_FOODS_3_245, item_id_FOODS_3_252, item_id_FOODS_3_281, item_id_FOODS_3_282, item_id_FOODS_3_288, item_id_FOODS_3_295, item_id_FOODS_3_318, item_id_FOODS_3_319, item_id_FOODS_3_329, item_id_FOODS_3_351, item_id_FOODS_3_362, item_id_FOODS_3_376, item_id_FOODS_3_377, item_id_FOODS_3_404, item_id_FOODS_3_406, item_id_FOODS_3_412, item_id_FOODS_3_435, item_id_FOODS_3_455, item_id_FOODS_3_462, item_id_FOODS_3_491, item_id_FOODS_3_498, item_id_FOODS_3_499, item_id_FOODS_3_501, item_id_FOODS_3_541, item_id_FOODS_3_547, item_id_FOODS_3_555, item_id_FOODS_3_586, item_id_FOODS_3_587, item_id_FOODS_3_607, item_id_FOODS_3_635, item_id_FOODS_3_668, item_id_FOODS_3_681, item_id_FOODS_3_694, item_id_FOODS_3_702, item_id_FOODS_3_711, item_id_FOODS_3_714, item_id_FOODS_3_723, item_id_FOODS_3_739, item_id_FOODS_3_741, item_id_FOODS_3_744, item_id_FOODS_3_752, item_id_FOODS_3_755, item_id_FOODS_3_764, item_id_FOODS_3_785, item_id_FOODS_3_800, item_id_FOODS_3_808, item_id_FOODS_3_811, item_id_HOBBIES_1_008, item_id_HOBBIES_1_048, item_id_HOBBIES_1_178, item_id_HOBBIES_1_254, item_id_HOBBIES_1_256, item_id_HOBBIES_1_268, item_id_HOBBIES_1_278, item_id_HOBBIES_1_295, item_id_HOBBIES_1_341, item_id_HOBBIES_1_348, item_id_HOBBIES_1_370, item_id_HOBBIES_1_371, item_id_HOUSEHOLD_1_110, item_id_HOUSEHOLD_1_179, item_id_HOUSEHOLD_1_277, item_id_HOUSEHOLD_1_303, item_id_HOUSEHOLD_1_327, item_id_HOUSEHOLD_1_334, item_id_HOUSEHOLD_1_439, item_id_HOUSEHOLD_1_459, dept_id_FOODS_3, dept_id_HOBBIES_1, dept_id_HOUSEHOLD_1, cat_id_FOODS, cat_id_HOBBIES, cat_id_HOUSEHOLD, store_id_CA_1, store_id_TX_1, store_id_WI_1, state_id_CA, state_id_TX, state_id_WI, event_type_1_Cultural, event_type_1_National, event_type_1_NoEvent, event_type_1_Religious, event_type_1_Sporting, event_type_2_Cultural, event_type_2_NoEvent, event_type_2_Religious",8.978236214039748,6.1596600038239835,32.32866254239663,0.5172584152610267
28,1,MLP_All,All_Regimes,132,2016-01-31,2016-02-01,2016-02-28,212760,3360,202.2366886138916,0.02383708953857422,"lag_1, lag_7, lag_14, lag_28, rolling_mean_7, rolling_std_7, rolling_mean_14, rolling_std_14, rolling_mean_28, rolling_std_28, sell_price, price_lag_7, price_change_7, price_rolling_mean_28, price_rolling_std_28, wday, month, year, is_weekend, dayofweek, dayofmonth, weekofyear, quarter, month_sin, month_cos, dow_sin, dow_cos, has_event_1, has_event_2, has_any_event, snap_active, item_id_FOODS_3_007, item_id_FOODS_3_030, item_id_FOODS_3_042, item_id_FOODS_3_064, item_id_FOODS_3_080, item_id_FOODS_3_086, item_id_FOODS_3_090, item_id_FOODS_3_099, item_id_FOODS_3_120, item_id_FOODS_3_150, item_id_FOODS_3_202, item_id_FOODS_3_219, item_id_FOODS_3_226, item_id_FOODS_3_234, item_id_FOODS_3_245, item_id_FOODS_3_252, item_id_FOODS_3_281, item_id_FOODS_3_282, item_id_FOODS_3_288, item_id_FOODS_3_295, item_id_FOODS_3_318, item_id_FOODS_3_319, item_id_FOODS_3_329, item_id_FOODS_3_351, item_id_FOODS_3_362, item_id_FOODS_3_376, item_id_FOODS_3_377, item_id_FOODS_3_404, item_id_FOODS_3_406, item_id_FOODS_3_412, item_id_FOODS_3_435, item_id_FOODS_3_455, item_id_FOODS_3_462, item_id_FOODS_3_491, item_id_FOODS_3_498, item_id_FOODS_3_499, item_id_FOODS_3_501, item_id_FOODS_3_541, item_id_FOODS_3_547, item_id_FOODS_3_555, item_id_FOODS_3_586, item_id_FOODS_3_587, item_id_FOODS_3_607, item_id_FOODS_3_635, item_id_FOODS_3_668, item_id_FOODS_3_681, item_id_FOODS_3_694, item_id_FOODS_3_702, item_id_FOODS_3_711, item_id_FOODS_3_714, item_id_FOODS_3_723, item_id_FOODS_3_739, item_id_FOODS_3_741, item_id_FOODS_3_744, item_id_FOODS_3_752, item_id_FOODS_3_755, item_id_FOODS_3_764, item_id_FOODS_3_785, item_id_FOODS_3_800, item_id_FOODS_3_808, item_id_FOODS_3_811, item_id_HOBBIES_1_008, item_id_HOBBIES_1_048, item_id_HOBBIES_1_178, item_id_HOBBIES_1_254, item_id_HOBBIES_1_256, item_id_HOBBIES_1_268, item_id_HOBBIES_1_278, item_id_HOBBIES_1_295, item_id_HOBBIES_1_341, item_id_HOBBIES_1_348, item_id_HOBBIES_1_370, item_id_HOBBIES_1_371, item_id_HOUSEHOLD_1_110, item_id_HOUSEHOLD_1_179, item_id_HOUSEHOLD_1_277, item_id_HOUSEHOLD_1_303, item_id_HOUSEHOLD_1_327, item_id_HOUSEHOLD_1_334, item_id_HOUSEHOLD_1_439, item_id_HOUSEHOLD_1_459, dept_id_FOODS_3, dept_id_HOBBIES_1, dept_id_HOUSEHOLD_1, cat_id_FOODS, cat_id_HOBBIES, cat_id_HOUSEHOLD, store_id_CA_1, store_id_TX_1, store_id_WI_1, state_id_CA, state_id_TX, state_id_WI, event_type_1_Cultural, event_type_1_National, event_type_1_NoEvent, event_type_1_Religious, event_type_1_Sporting, event_type_2_Cultural, event_type_2_NoEvent, event_type_2_Religious",12.35987385783095,8.489468248825704,91.67078657148394,0.13767308366914033
28,1,MLP_All,Erratic,132,2016-01-31,2016-02-01,2016-02-28,212760,840,202.2366886138916,0.02383708953857422,"lag_1, lag_7, lag_14, lag_28, rolling_mean_7, rolling_std_7, rolling_mean_14, rolling_std_14, rolling_mean_28, rolling_std_28, sell_price, price_lag_7, price_change_7, price_rolling_mean_28, price_rolling_std_28, wday, month, year, is_weekend, dayofweek, dayofmonth, weekofyear, quarter, month_sin, month_cos, dow_sin, dow_cos, has_event_1, has_event_2, has_any_event, snap_active, item_id_FOODS_3_007, item_id_FOODS_3_030, item_id_FOODS_3_042, item_id_FOODS_3_064, item_id_FOODS_3_080, item_id_FOODS_3_086, item_id_FOODS_3_090, item_id_FOODS_3_099, item_id_FOODS_3_120, item_id_FOODS_3_150, item_id_FOODS_3_202, item_id_FOODS_3_219, item_id_FOODS_3_226, item_id_FOODS_3_234, item_id_FOODS_3_245, item_id_FOODS_3_252, item_id_FOODS_3_281, item_id_FOODS_3_282, item_id_FOODS_3_288, item_id_FOODS_3_295, item_id_FOODS_3_318, item_id_FOODS_3_319, item_id_FOODS_3_329, item_id_FOODS_3_351, item_id_FOODS_3_362, item_id_FOODS_3_376, item_id_FOODS_3_377, item_id_FOODS_3_404, item_id_FOODS_3_406, item_id_FOODS_3_412, item_id_FOODS_3_435, item_id_FOODS_3_455, item_id_FOODS_3_462, item_id_FOODS_3_491, item_id_FOODS_3_498, item_id_FOODS_3_499, item_id_FOODS_3_501, item_id_FOODS_3_541, item_id_FOODS_3_547, item_id_FOODS_3_555, item_id_FOODS_3_586, item_id_FOODS_3_587, item_id_FOODS_3_607, item_id_FOODS_3_635, item_id_FOODS_3_668, item_id_FOODS_3_681, item_id_FOODS_3_694, item_id_FOODS_3_702, item_id_FOODS_3_711, item_id_FOODS_3_714, item_id_FOODS_3_723, item_id_FOODS_3_739, item_id_FOODS_3_741, item_id_FOODS_3_744, item_id_FOODS_3_752, item_id_FOODS_3_755, item_id_FOODS_3_764, item_id_FOODS_3_785, item_id_FOODS_3_800, item_id_FOODS_3_808, item_id_FOODS_3_811, item_id_HOBBIES_1_008, item_id_HOBBIES_1_048, item_id_HOBBIES_1_178, item_id_HOBBIES_1_254, item_id_HOBBIES_1_256, item_id_HOBBIES_1_268, item_id_HOBBIES_1_278, item_id_HOBBIES_1_295, item_id_HOBBIES_1_341, item_id_HOBBIES_1_348, item_id_HOBBIES_1_370, item_id_HOBBIES_1_371, item_id_HOUSEHOLD_1_110, item_id_HOUSEHOLD_1_179, item_id_HOUSEHOLD_1_277, item_id_HOUSEHOLD_1_303, item_id_HOUSEHOLD_1_327, item_id_HOUSEHOLD_1_334, item_id_HOUSEHOLD_1_439, item_id_HOUSEHOLD_1_459, dept_id_FOODS_3, dept_id_HOBBIES_1, dept_id_HOUSEHOLD_1, cat_id_FOODS, cat_id_HOBBIES, cat_id_HOUSEHOLD, store_id_CA_1, store_id_TX_1, store_id_WI_1, state_id_CA, state_id_TX, state_id_WI, event_type_1_Cultural, event_type_1_National, event_type_1_NoEvent, event_type_1_Religious, event_type_1_Sporting, event_type_2_Cultural, event_type_2_NoEvent, event_type_2_Religious",10.88383792585195,8.216398102301058,114.99668800699361,-0.9200690051725973
28,1,MLP_All,Intermittent,132,2016-01-31,2016-02-01,2016-02-28,212760,840,202.2366886138916,0.02383708953857422,"lag_1, lag_7, lag_14, lag_28, rolling_mean_7, rolling_std_7, rolling_mean_14, rolling_std_14, rolling_mean_28, rolling_std_28, sell_price, price_lag_7, price_change_7, price_rolling_mean_28, price_rolling_std_28, wday, month, year, is_weekend, dayofweek, dayofmonth, weekofyear, quarter, month_sin, month_cos, dow_sin, dow_cos, has_event_1, has_event_2, has_any_event, snap_active, item_id_FOODS_3_007, item_id_FOODS_3_030, item_id_FOODS_3_042, item_id_FOODS_3_064, item_id_FOODS_3_080, item_id_FOODS_3_086, item_id_FOODS_3_090, item_id_FOODS_3_099, item_id_FOODS_3_120, item_id_FOODS_3_150, item_id_FOODS_3_202, item_id_FOODS_3_219, item_id_FOODS_3_226, item_id_FOODS_3_234, item_id_FOODS_3_245, item_id_FOODS_3_252, item_id_FOODS_3_281, item_id_FOODS_3_282, item_id_FOODS_3_288, item_id_FOODS_3_295, item_id_FOODS_3_318, item_id_FOODS_3_319, item_id_FOODS_3_329, item_id_FOODS_3_351, item_id_FOODS_3_362, item_id_FOODS_3_376, item_id_FOODS_3_377, item_id_FOODS_3_404, item_id_FOODS_3_406, item_id_FOODS_3_412, item_id_FOODS_3_435, item_id_FOODS_3_455, item_id_FOODS_3_462, item_id_FOODS_3_491, item_id_FOODS_3_498, item_id_FOODS_3_499, item_id_FOODS_3_501, item_id_FOODS_3_541, item_id_FOODS_3_547, item_id_FOODS_3_555, item_id_FOODS_3_586, item_id_FOODS_3_587, item_id_FOODS_3_607, item_id_FOODS_3_635, item_id_FOODS_3_668, item_id_FOODS_3_681, item_id_FOODS_3_694, item_id_FOODS_3_702, item_id_FOODS_3_711, item_id_FOODS_3_714, item_id_FOODS_3_723, item_id_FOODS_3_739, item_id_FOODS_3_741, item_id_FOODS_3_744, item_id_FOODS_3_752, item_id_FOODS_3_755, item_id_FOODS_3_764, item_id_FOODS_3_785, item_id_FOODS_3_800, item_id_FOODS_3_808, item_id_FOODS_3_811, item_id_HOBBIES_1_008, item_id_HOBBIES_1_048, item_id_HOBBIES_1_178, item_id_HOBBIES_1_254, item_id_HOBBIES_1_256, item_id_HOBBIES_1_268, item_id_HOBBIES_1_278, item_id_HOBBIES_1_295, item_id_HOBBIES_1_341, item_id_HOBBIES_1_348, item_id_HOBBIES_1_370, item_id_HOBBIES_1_371, item_id_HOUSEHOLD_1_110, item_id_HOUSEHOLD_1_179, item_id_HOUSEHOLD_1_277, item_id_HOUSEHOLD_1_303, item_id_HOUSEHOLD_1_327, item_id_HOUSEHOLD_1_334, item_id_HOUSEHOLD_1_439, item_id_HOUSEHOLD_1_459, dept_id_FOODS_3, dept_id_HOBBIES_1, dept_id_HOUSEHOLD_1, cat_id_FOODS, cat_id_HOBBIES, cat_id_HOUSEHOLD, store_id_CA_1, store_id_TX_1, store_id_WI_1, state_id_CA, state_id_TX, state_id_WI, event_type_1_Cultural, event_type_1_National, event_type_1_NoEvent, event_type_1_Religious, event_type_1_Sporting, event_type_2_Cultural, event_type_2_NoEvent, event_type_2_Religious",16.17359246869486,10.583646726201144,90.09126676866485,-0.017949558220796025
28,1,MLP_All,Lumpy,132,2016-01-31,2016-02-01,2016-02-28,212760,840,202.2366886138916,0.02383708953857422,"lag_1, lag_7, lag_14, lag_28, rolling_mean_7, rolling_std_7, rolling_mean_14, rolling_std_14, rolling_mean_28, rolling_std_28, sell_price, price_lag_7, price_change_7, price_rolling_mean_28, price_rolling_std_28, wday, month, year, is_weekend, dayofweek, dayofmonth, weekofyear, quarter, month_sin, month_cos, dow_sin, dow_cos, has_event_1, has_event_2, has_any_event, snap_active, item_id_FOODS_3_007, item_id_FOODS_3_030, item_id_FOODS_3_042, item_id_FOODS_3_064, item_id_FOODS_3_080, item_id_FOODS_3_086, item_id_FOODS_3_090, item_id_FOODS_3_099, item_id_FOODS_3_120, item_id_FOODS_3_150, item_id_FOODS_3_202, item_id_FOODS_3_219, item_id_FOODS_3_226, item_id_FOODS_3_234, item_id_FOODS_3_245, item_id_FOODS_3_252, item_id_FOODS_3_281, item_id_FOODS_3_282, item_id_FOODS_3_288, item_id_FOODS_3_295, item_id_FOODS_3_318, item_id_FOODS_3_319, item_id_FOODS_3_329, item_id_FOODS_3_351, item_id_FOODS_3_362, item_id_FOODS_3_376, item_id_FOODS_3_377, item_id_FOODS_3_404, item_id_FOODS_3_406, item_id_FOODS_3_412, item_id_FOODS_3_435, item_id_FOODS_3_455, item_id_FOODS_3_462, item_id_FOODS_3_491, item_id_FOODS_3_498, item_id_FOODS_3_499, item_id_FOODS_3_501, item_id_FOODS_3_541, item_id_FOODS_3_547, item_id_FOODS_3_555, item_id_FOODS_3_586, item_id_FOODS_3_587, item_id_FOODS_3_607, item_id_FOODS_3_635, item_id_FOODS_3_668, item_id_FOODS_3_681, item_id_FOODS_3_694, item_id_FOODS_3_702, item_id_FOODS_3_711, item_id_FOODS_3_714, item_id_FOODS_3_723, item_id_FOODS_3_739, item_id_FOODS_3_741, item_id_FOODS_3_744, item_id_FOODS_3_752, item_id_FOODS_3_755, item_id_FOODS_3_764, item_id_FOODS_3_785, item_id_FOODS_3_800, item_id_FOODS_3_808, item_id_FOODS_3_811, item_id_HOBBIES_1_008, item_id_HOBBIES_1_048, item_id_HOBBIES_1_178, item_id_HOBBIES_1_254, item_id_HOBBIES_1_256, item_id_HOBBIES_1_268, item_id_HOBBIES_1_278, item_id_HOBBIES_1_295, item_id_HOBBIES_1_341, item_id_HOBBIES_1_348, item_id_HOBBIES_1_370, item_id_HOBBIES_1_371, item_id_HOUSEHOLD_1_110, item_id_HOUSEHOLD_1_179, item_id_HOUSEHOLD_1_277, item_id_HOUSEHOLD_1_303, item_id_HOUSEHOLD_1_327, item_id_HOUSEHOLD_1_334, item_id_HOUSEHOLD_1_439, item_id_HOUSEHOLD_1_459, dept_id_FOODS_3, dept_id_HOBBIES_1, dept_id_HOUSEHOLD_1, cat_id_FOODS, cat_id_HOBBIES, cat_id_HOUSEHOLD, store_id_CA_1, store_id_TX_1, store_id_WI_1, state_id_CA, state_id_TX, state_id_WI, event_type_1_Cultural, event_type_1_National, event_type_1_NoEvent, event_type_1_Religious, event_type_1_Sporting, event_type_2_Cultural, event_type_2_NoEvent, event_type_2_Religious",9.978908983813412,7.398662487769737,117.30933377393988,-0.323514261204346
28,1,MLP_All,Smooth,132,2016-01-31,2016-02-01,2016-02-28,212760,840,202.2366886138916,0.02383708953857422,"lag_1, lag_7, lag_14, lag_28, rolling_mean_7, rolling_std_7, rolling_mean_14, rolling_std_14, rolling_mean_28, rolling_std_28, sell_price, price_lag_7, price_change_7, price_rolling_mean_28, price_rolling_std_28, wday, month, year, is_weekend, dayofweek, dayofmonth, weekofyear, quarter, month_sin, month_cos, dow_sin, dow_cos, has_event_1, has_event_2, has_any_event, snap_active, item_id_FOODS_3_007, item_id_FOODS_3_030, item_id_FOODS_3_042, item_id_FOODS_3_064, item_id_FOODS_3_080, item_id_FOODS_3_086, item_id_FOODS_3_090, item_id_FOODS_3_099, item_id_FOODS_3_120, item_id_FOODS_3_150, item_id_FOODS_3_202, item_id_FOODS_3_219, item_id_FOODS_3_226, item_id_FOODS_3_234, item_id_FOODS_3_245, item_id_FOODS_3_252, item_id_FOODS_3_281, item_id_FOODS_3_282, item_id_FOODS_3_288, item_id_FOODS_3_295, item_id_FOODS_3_318, item_id_FOODS_3_319, item_id_FOODS_3_329, item_id_FOODS_3_351, item_id_FOODS_3_362, item_id_FOODS_3_376, item_id_FOODS_3_377, item_id_FOODS_3_404, item_id_FOODS_3_406, item_id_FOODS_3_412, item_id_FOODS_3_435, item_id_FOODS_3_455, item_id_FOODS_3_462, item_id_FOODS_3_491, item_id_FOODS_3_498, item_id_FOODS_3_499, item_id_FOODS_3_501, item_id_FOODS_3_541, item_id_FOODS_3_547, item_id_FOODS_3_555, item_id_FOODS_3_586, item_id_FOODS_3_587, item_id_FOODS_3_607, item_id_FOODS_3_635, item_id_FOODS_3_668, item_id_FOODS_3_681, item_id_FOODS_3_694, item_id_FOODS_3_702, item_id_FOODS_3_711, item_id_FOODS_3_714, item_id_FOODS_3_723, item_id_FOODS_3_739, item_id_FOODS_3_741, item_id_FOODS_3_744, item_id_FOODS_3_752, item_id_FOODS_3_755, item_id_FOODS_3_764, item_id_FOODS_3_785, item_id_FOODS_3_800, item_id_FOODS_3_808, item_id_FOODS_3_811, item_id_HOBBIES_1_008, item_id_HOBBIES_1_048, item_id_HOBBIES_1_178, item_id_HOBBIES_1_254, item_id_HOBBIES_1_256, item_id_HOBBIES_1_268, item_id_HOBBIES_1_278, item_id_HOBBIES_1_295, item_id_HOBBIES_1_341, item_id_HOBBIES_1_348, item_id_HOBBIES_1_370, item_id_HOBBIES_1_371, item_id_HOUSEHOLD_1_110, item_id_HOUSEHOLD_1_179, item_id_HOUSEHOLD_1_277, item_id_HOUSEHOLD_1_303, item_id_HOUSEHOLD_1_327, item_id_HOUSEHOLD_1_334, item_id_HOUSEHOLD_1_439, item_id_HOUSEHOLD_1_459, dept_id_FOODS_3, dept_id_HOBBIES_1, dept_id_HOUSEHOLD_1, cat_id_FOODS, cat_id_HOBBIES, cat_id_HOUSEHOLD, store_id_CA_1, store_id_TX_1, store_id_WI_1, state_id_CA, state_id_TX, state_id_WI, event_type_1_Cultural, event_type_1_National, event_type_1_NoEvent, event_type_1_Religious, event_type_1_Sporting, event_type_2_Cultural, event_type_2_NoEvent, event_type_2_Religious",11.464915232094098,7.759165679030872,44.28585773633739,0.21281945293047277
28,1,MI_MLP_Top10,All_Regimes,10,2016-01-31,2016-02-01,2016-02-28,212760,3360,103.82353639602661,0.010216236114501953,"rolling_mean_14, rolling_mean_28, rolling_mean_7, lag_7, lag_1, lag_14, rolling_std_28, rolling_std_14, lag_28, rolling_std_7",9.523516065809046,6.297767220971751,68.41318627959578,0.4880370854132755
28,1,MI_MLP_Top10,Erratic,10,2016-01-31,2016-02-01,2016-02-28,212760,840,103.82353639602661,0.010216236114501953,"rolling_mean_14, rolling_mean_28, rolling_mean_7, lag_7, lag_1, lag_14, rolling_std_28, rolling_std_14, lag_28, rolling_std_7",7.766017103924364,5.537141713612531,84.78805342128328,0.022426566836651673
28,1,MI_MLP_Top10,Intermittent,10,2016-01-31,2016-02-01,2016-02-28,212760,840,103.82353639602661,0.010216236114501953,"rolling_mean_14, rolling_mean_28, rolling_mean_7, lag_7, lag_1, lag_14, rolling_std_28, rolling_std_14, lag_28, rolling_std_7",11.917261530920298,7.066131463618993,51.72177065731367,0.44732959759450386
28,1,MI_MLP_Top10,Lumpy,10,2016-01-31,2016-02-01,2016-02-28,212760,840,103.82353639602661,0.010216236114501953,"rolling_mean_14, rolling_mean_28, rolling_mean_7, lag_7, lag_1, lag_14, rolling_std_28, rolling_std_14, lag_28, rolling_std_7",8.565869107012956,6.044708413729238,102.97732126518697,0.024773778725762696
28,1,MI_MLP_Top10,Smooth,10,2016-01-31,2016-02-01,2016-02-28,212760,840,103.82353639602661,0.010216236114501953,"rolling_mean_14, rolling_mean_28, rolling_mean_7, lag_7, lag_1, lag_14, rolling_std_28, rolling_std_14, lag_28, rolling_std_7",9.331836657894016,6.543087292926241,34.165599774599166,0.47848486832275794
28,2,Ridge_All,All_Regimes,132,2016-02-28,2016-02-29,2016-03-27,216120,3360,4.119169473648071,0.05141782760620117,"lag_1, lag_7, lag_14, lag_28, rolling_mean_7, rolling_std_7, rolling_mean_14, rolling_std_14, rolling_mean_28, rolling_std_28, sell_price, price_lag_7, price_change_7, price_rolling_mean_28, price_rolling_std_28, wday, month, year, is_weekend, dayofweek, dayofmonth, weekofyear, quarter, month_sin, month_cos, dow_sin, dow_cos, has_event_1, has_event_2, has_any_event, snap_active, item_id_FOODS_3_007, item_id_FOODS_3_030, item_id_FOODS_3_042, item_id_FOODS_3_064, item_id_FOODS_3_080, item_id_FOODS_3_086, item_id_FOODS_3_090, item_id_FOODS_3_099, item_id_FOODS_3_120, item_id_FOODS_3_150, item_id_FOODS_3_202, item_id_FOODS_3_219, item_id_FOODS_3_226, item_id_FOODS_3_234, item_id_FOODS_3_245, item_id_FOODS_3_252, item_id_FOODS_3_281, item_id_FOODS_3_282, item_id_FOODS_3_288, item_id_FOODS_3_295, item_id_FOODS_3_318, item_id_FOODS_3_319, item_id_FOODS_3_329, item_id_FOODS_3_351, item_id_FOODS_3_362, item_id_FOODS_3_376, item_id_FOODS_3_377, item_id_FOODS_3_404, item_id_FOODS_3_406, item_id_FOODS_3_412, item_id_FOODS_3_435, item_id_FOODS_3_455, item_id_FOODS_3_462, item_id_FOODS_3_491, item_id_FOODS_3_498, item_id_FOODS_3_499, item_id_FOODS_3_501, item_id_FOODS_3_541, item_id_FOODS_3_547, item_id_FOODS_3_555, item_id_FOODS_3_586, item_id_FOODS_3_587, item_id_FOODS_3_607, item_id_FOODS_3_635, item_id_FOODS_3_668, item_id_FOODS_3_681, item_id_FOODS_3_694, item_id_FOODS_3_702, item_id_FOODS_3_711, item_id_FOODS_3_714, item_id_FOODS_3_723, item_id_FOODS_3_739, item_id_FOODS_3_741, item_id_FOODS_3_744, item_id_FOODS_3_752, item_id_FOODS_3_755, item_id_FOODS_3_764, item_id_FOODS_3_785, item_id_FOODS_3_800, item_id_FOODS_3_808, item_id_FOODS_3_811, item_id_HOBBIES_1_008, item_id_HOBBIES_1_048, item_id_HOBBIES_1_178, item_id_HOBBIES_1_254, item_id_HOBBIES_1_256, item_id_HOBBIES_1_268, item_id_HOBBIES_1_278, item_id_HOBBIES_1_295, item_id_HOBBIES_1_341, item_id_HOBBIES_1_348, item_id_HOBBIES_1_370, item_id_HOBBIES_1_371, item_id_HOUSEHOLD_1_110, item_id_HOUSEHOLD_1_179, item_id_HOUSEHOLD_1_277, item_id_HOUSEHOLD_1_303, item_id_HOUSEHOLD_1_327, item_id_HOUSEHOLD_1_334, item_id_HOUSEHOLD_1_439, item_id_HOUSEHOLD_1_459, dept_id_FOODS_3, dept_id_HOBBIES_1, dept_id_HOUSEHOLD_1, cat_id_FOODS, cat_id_HOBBIES, cat_id_HOUSEHOLD, store_id_CA_1, store_id_TX_1, store_id_WI_1, state_id_CA, state_id_TX, state_id_WI, event_type_1_Cultural, event_type_1_National, event_type_1_NoEvent, event_type_1_Religious, event_type_1_Sporting, event_type_2_Cultural, event_type_2_NoEvent, event_type_2_Religious",8.789328777629084,6.012415296454715,66.32172751990922,0.567706479961231
28,2,Ridge_All,Erratic,132,2016-02-28,2016-02-29,2016-03-27,216120,840,4.119169473648071,0.05141782760620117,"lag_1, lag_7, lag_14, lag_28, rolling_mean_7, rolling_std_7, rolling_mean_14, rolling_std_14, rolling_mean_28, rolling_std_28, sell_price, price_lag_7, price_change_7, price_rolling_mean_28, price_rolling_std_28, wday, month, year, is_weekend, dayofweek, dayofmonth, weekofyear, quarter, month_sin, month_cos, dow_sin, dow_cos, has_event_1, has_event_2, has_any_event, snap_active, item_id_FOODS_3_007, item_id_FOODS_3_030, item_id_FOODS_3_042, item_id_FOODS_3_064, item_id_FOODS_3_080, item_id_FOODS_3_086, item_id_FOODS_3_090, item_id_FOODS_3_099, item_id_FOODS_3_120, item_id_FOODS_3_150, item_id_FOODS_3_202, item_id_FOODS_3_219, item_id_FOODS_3_226, item_id_FOODS_3_234, item_id_FOODS_3_245, item_id_FOODS_3_252, item_id_FOODS_3_281, item_id_FOODS_3_282, item_id_FOODS_3_288, item_id_FOODS_3_295, item_id_FOODS_3_318, item_id_FOODS_3_319, item_id_FOODS_3_329, item_id_FOODS_3_351, item_id_FOODS_3_362, item_id_FOODS_3_376, item_id_FOODS_3_377, item_id_FOODS_3_404, item_id_FOODS_3_406, item_id_FOODS_3_412, item_id_FOODS_3_435, item_id_FOODS_3_455, item_id_FOODS_3_462, item_id_FOODS_3_491, item_id_FOODS_3_498, item_id_FOODS_3_499, item_id_FOODS_3_501, item_id_FOODS_3_541, item_id_FOODS_3_547, item_id_FOODS_3_555, item_id_FOODS_3_586, item_id_FOODS_3_587, item_id_FOODS_3_607, item_id_FOODS_3_635, item_id_FOODS_3_668, item_id_FOODS_3_681, item_id_FOODS_3_694, item_id_FOODS_3_702, item_id_FOODS_3_711, item_id_FOODS_3_714, item_id_FOODS_3_723, item_id_FOODS_3_739, item_id_FOODS_3_741, item_id_FOODS_3_744, item_id_FOODS_3_752, item_id_FOODS_3_755, item_id_FOODS_3_764, item_id_FOODS_3_785, item_id_FOODS_3_800, item_id_FOODS_3_808, item_id_FOODS_3_811, item_id_HOBBIES_1_008, item_id_HOBBIES_1_048, item_id_HOBBIES_1_178, item_id_HOBBIES_1_254, item_id_HOBBIES_1_256, item_id_HOBBIES_1_268, item_id_HOBBIES_1_278, item_id_HOBBIES_1_295, item_id_HOBBIES_1_341, item_id_HOBBIES_1_348, item_id_HOBBIES_1_370, item_id_HOBBIES_1_371, item_id_HOUSEHOLD_1_110, item_id_HOUSEHOLD_1_179, item_id_HOUSEHOLD_1_277, item_id_HOUSEHOLD_1_303, item_id_HOUSEHOLD_1_327, item_id_HOUSEHOLD_1_334, item_id_HOUSEHOLD_1_439, item_id_HOUSEHOLD_1_459, dept_id_FOODS_3, dept_id_HOBBIES_1, dept_id_HOUSEHOLD_1, cat_id_FOODS, cat_id_HOBBIES, cat_id_HOUSEHOLD, store_id_CA_1, store_id_TX_1, store_id_WI_1, state_id_CA, state_id_TX, state_id_WI, event_type_1_Cultural, event_type_1_National, event_type_1_NoEvent, event_type_1_Religious, event_type_1_Sporting, event_type_2_Cultural, event_type_2_NoEvent, event_type_2_Religious",8.050287073029294,5.511655231679955,87.8914868515189,0.10352373161188899
28,2,Ridge_All,Intermittent,132,2016-02-28,2016-02-29,2016-03-27,216120,840,4.119169473648071,0.05141782760620117,"lag_1, lag_7, lag_14, lag_28, rolling_mean_7, rolling_std_7, rolling_mean_14, rolling_std_14, rolling_mean_28, rolling_std_28, sell_price, price_lag_7, price_change_7, price_rolling_mean_28, price_rolling_std_28, wday, month, year, is_weekend, dayofweek, dayofmonth, weekofyear, quarter, month_sin, month_cos, dow_sin, dow_cos, has_event_1, has_event_2, has_any_event, snap_active, item_id_FOODS_3_007, item_id_FOODS_3_030, item_id_FOODS_3_042, item_id_FOODS_3_064, item_id_FOODS_3_080, item_id_FOODS_3_086, item_id_FOODS_3_090, item_id_FOODS_3_099, item_id_FOODS_3_120, item_id_FOODS_3_150, item_id_FOODS_3_202, item_id_FOODS_3_219, item_id_FOODS_3_226, item_id_FOODS_3_234, item_id_FOODS_3_245, item_id_FOODS_3_252, item_id_FOODS_3_281, item_id_FOODS_3_282, item_id_FOODS_3_288, item_id_FOODS_3_295, item_id_FOODS_3_318, item_id_FOODS_3_319, item_id_FOODS_3_329, item_id_FOODS_3_351, item_id_FOODS_3_362, item_id_FOODS_3_376, item_id_FOODS_3_377, item_id_FOODS_3_404, item_id_FOODS_3_406, item_id_FOODS_3_412, item_id_FOODS_3_435, item_id_FOODS_3_455, item_id_FOODS_3_462, item_id_FOODS_3_491, item_id_FOODS_3_498, item_id_FOODS_3_499, item_id_FOODS_3_501, item_id_FOODS_3_541, item_id_FOODS_3_547, item_id_FOODS_3_555, item_id_FOODS_3_586, item_id_FOODS_3_587, item_id_FOODS_3_607, item_id_FOODS_3_635, item_id_FOODS_3_668, item_id_FOODS_3_681, item_id_FOODS_3_694, item_id_FOODS_3_702, item_id_FOODS_3_711, item_id_FOODS_3_714, item_id_FOODS_3_723, item_id_FOODS_3_739, item_id_FOODS_3_741, item_id_FOODS_3_744, item_id_FOODS_3_752, item_id_FOODS_3_755, item_id_FOODS_3_764, item_id_FOODS_3_785, item_id_FOODS_3_800, item_id_FOODS_3_808, item_id_FOODS_3_811, item_id_HOBBIES_1_008, item_id_HOBBIES_1_048, item_id_HOBBIES_1_178, item_id_HOBBIES_1_254, item_id_HOBBIES_1_256, item_id_HOBBIES_1_268, item_id_HOBBIES_1_278, item_id_HOBBIES_1_295, item_id_HOBBIES_1_341, item_id_HOBBIES_1_348, item_id_HOBBIES_1_370, item_id_HOBBIES_1_371, item_id_HOUSEHOLD_1_110, item_id_HOUSEHOLD_1_179, item_id_HOUSEHOLD_1_277, item_id_HOUSEHOLD_1_303, item_id_HOUSEHOLD_1_327, item_id_HOUSEHOLD_1_334, item_id_HOUSEHOLD_1_439, item_id_HOUSEHOLD_1_459, dept_id_FOODS_3, dept_id_HOBBIES_1, dept_id_HOUSEHOLD_1, cat_id_FOODS, cat_id_HOBBIES, cat_id_HOUSEHOLD, store_id_CA_1, store_id_TX_1, store_id_WI_1, state_id_CA, state_id_TX, state_id_WI, event_type_1_Cultural, event_type_1_National, event_type_1_NoEvent, event_type_1_Religious, event_type_1_Sporting, event_type_2_Cultural, event_type_2_NoEvent, event_type_2_Religious",10.96806565288344,7.142204571170459,52.320014797501635,0.50174870515122
28,2,Ridge_All,Lumpy,132,2016-02-28,2016-02-29,2016-03-27,216120,840,4.119169473648071,0.05141782760620117,"lag_1, lag_7, lag_14, lag_28, rolling_mean_7, rolling_std_7, rolling_mean_14, rolling_std_14, rolling_mean_28, rolling_std_28, sell_price, price_lag_7, price_change_7, price_rolling_mean_28, price_rolling_std_28, wday, month, year, is_weekend, dayofweek, dayofmonth, weekofyear, quarter, month_sin, month_cos, dow_sin, dow_cos, has_event_1, has_event_2, has_any_event, snap_active, item_id_FOODS_3_007, item_id_FOODS_3_030, item_id_FOODS_3_042, item_id_FOODS_3_064, item_id_FOODS_3_080, item_id_FOODS_3_086, item_id_FOODS_3_090, item_id_FOODS_3_099, item_id_FOODS_3_120, item_id_FOODS_3_150, item_id_FOODS_3_202, item_id_FOODS_3_219, item_id_FOODS_3_226, item_id_FOODS_3_234, item_id_FOODS_3_245, item_id_FOODS_3_252, item_id_FOODS_3_281, item_id_FOODS_3_282, item_id_FOODS_3_288, item_id_FOODS_3_295, item_id_FOODS_3_318, item_id_FOODS_3_319, item_id_FOODS_3_329, item_id_FOODS_3_351, item_id_FOODS_3_362, item_id_FOODS_3_376, item_id_FOODS_3_377, item_id_FOODS_3_404, item_id_FOODS_3_406, item_id_FOODS_3_412, item_id_FOODS_3_435, item_id_FOODS_3_455, item_id_FOODS_3_462, item_id_FOODS_3_491, item_id_FOODS_3_498, item_id_FOODS_3_499, item_id_FOODS_3_501, item_id_FOODS_3_541, item_id_FOODS_3_547, item_id_FOODS_3_555, item_id_FOODS_3_586, item_id_FOODS_3_587, item_id_FOODS_3_607, item_id_FOODS_3_635, item_id_FOODS_3_668, item_id_FOODS_3_681, item_id_FOODS_3_694, item_id_FOODS_3_702, item_id_FOODS_3_711, item_id_FOODS_3_714, item_id_FOODS_3_723, item_id_FOODS_3_739, item_id_FOODS_3_741, item_id_FOODS_3_744, item_id_FOODS_3_752, item_id_FOODS_3_755, item_id_FOODS_3_764, item_id_FOODS_3_785, item_id_FOODS_3_800, item_id_FOODS_3_808, item_id_FOODS_3_811, item_id_HOBBIES_1_008, item_id_HOBBIES_1_048, item_id_HOBBIES_1_178, item_id_HOBBIES_1_254, item_id_HOBBIES_1_256, item_id_HOBBIES_1_268, item_id_HOBBIES_1_278, item_id_HOBBIES_1_295, item_id_HOBBIES_1_341, item_id_HOBBIES_1_348, item_id_HOBBIES_1_370, item_id_HOBBIES_1_371, item_id_HOUSEHOLD_1_110, item_id_HOUSEHOLD_1_179, item_id_HOUSEHOLD_1_277, item_id_HOUSEHOLD_1_303, item_id_HOUSEHOLD_1_327, item_id_HOUSEHOLD_1_334, item_id_HOUSEHOLD_1_439, item_id_HOUSEHOLD_1_459, dept_id_FOODS_3, dept_id_HOBBIES_1, dept_id_HOUSEHOLD_1, cat_id_FOODS, cat_id_HOBBIES, cat_id_HOUSEHOLD, store_id_CA_1, store_id_TX_1, store_id_WI_1, state_id_CA, state_id_TX, state_id_WI, event_type_1_Cultural, event_type_1_National, event_type_1_NoEvent, event_type_1_Religious, event_type_1_Sporting, event_type_2_Cultural, event_type_2_NoEvent, event_type_2_Religious",7.751675577484137,5.529869454149764,94.86562930240434,0.1276413502464141
28,2,Ridge_All,Smooth,132,2016-02-28,2016-02-29,2016-03-27,216120,840,4.119169473648071,0.05141782760620117,"lag_1, lag_7, lag_14, lag_28, rolling_mean_7, rolling_std_7, rolling_mean_14, rolling_std_14, rolling_mean_28, rolling_std_28, sell_price, price_lag_7, price_change_7, price_rolling_mean_28, price_rolling_std_28, wday, month, year, is_weekend, dayofweek, dayofmonth, weekofyear, quarter, month_sin, month_cos, dow_sin, dow_cos, has_event_1, has_event_2, has_any_event, snap_active, item_id_FOODS_3_007, item_id_FOODS_3_030, item_id_FOODS_3_042, item_id_FOODS_3_064, item_id_FOODS_3_080, item_id_FOODS_3_086, item_id_FOODS_3_090, item_id_FOODS_3_099, item_id_FOODS_3_120, item_id_FOODS_3_150, item_id_FOODS_3_202, item_id_FOODS_3_219, item_id_FOODS_3_226, item_id_FOODS_3_234, item_id_FOODS_3_245, item_id_FOODS_3_252, item_id_FOODS_3_281, item_id_FOODS_3_282, item_id_FOODS_3_288, item_id_FOODS_3_295, item_id_FOODS_3_318, item_id_FOODS_3_319, item_id_FOODS_3_329, item_id_FOODS_3_351, item_id_FOODS_3_362, item_id_FOODS_3_376, item_id_FOODS_3_377, item_id_FOODS_3_404, item_id_FOODS_3_406, item_id_FOODS_3_412, item_id_FOODS_3_435, item_id_FOODS_3_455, item_id_FOODS_3_462, item_id_FOODS_3_491, item_id_FOODS_3_498, item_id_FOODS_3_499, item_id_FOODS_3_501, item_id_FOODS_3_541, item_id_FOODS_3_547, item_id_FOODS_3_555, item_id_FOODS_3_586, item_id_FOODS_3_587, item_id_FOODS_3_607, item_id_FOODS_3_635, item_id_FOODS_3_668, item_id_FOODS_3_681, item_id_FOODS_3_694, item_id_FOODS_3_702, item_id_FOODS_3_711, item_id_FOODS_3_714, item_id_FOODS_3_723, item_id_FOODS_3_739, item_id_FOODS_3_741, item_id_FOODS_3_744, item_id_FOODS_3_752, item_id_FOODS_3_755, item_id_FOODS_3_764, item_id_FOODS_3_785, item_id_FOODS_3_800, item_id_FOODS_3_808, item_id_FOODS_3_811, item_id_HOBBIES_1_008, item_id_HOBBIES_1_048, item_id_HOBBIES_1_178, item_id_HOBBIES_1_254, item_id_HOBBIES_1_256, item_id_HOBBIES_1_268, item_id_HOBBIES_1_278, item_id_HOBBIES_1_295, item_id_HOBBIES_1_341, item_id_HOBBIES_1_348, item_id_HOBBIES_1_370, item_id_HOBBIES_1_371, item_id_HOUSEHOLD_1_110, item_id_HOUSEHOLD_1_179, item_id_HOUSEHOLD_1_277, item_id_HOUSEHOLD_1_303, item_id_HOUSEHOLD_1_327, item_id_HOUSEHOLD_1_334, item_id_HOUSEHOLD_1_439, item_id_HOUSEHOLD_1_459, dept_id_FOODS_3, dept_id_HOBBIES_1, dept_id_HOUSEHOLD_1, cat_id_FOODS, cat_id_HOBBIES, cat_id_HOUSEHOLD, store_id_CA_1, store_id_TX_1, store_id_WI_1, state_id_CA, state_id_TX, state_id_WI, event_type_1_Cultural, event_type_1_National, event_type_1_NoEvent, event_type_1_Religious, event_type_1_Sporting, event_type_2_Cultural, event_type_2_NoEvent, event_type_2_Religious",7.988437961349326,5.865931928818677,30.209779128211967,0.627617077725728
28,2,Boosting_All,All_Regimes,132,2016-02-28,2016-02-29,2016-03-27,216120,3360,28.573379039764404,0.04433774948120117,"lag_1, lag_7, lag_14, lag_28, rolling_mean_7, rolling_std_7, rolling_mean_14, rolling_std_14, rolling_mean_28, rolling_std_28, sell_price, price_lag_7, price_change_7, price_rolling_mean_28, price_rolling_std_28, wday, month, year, is_weekend, dayofweek, dayofmonth, weekofyear, quarter, month_sin, month_cos, dow_sin, dow_cos, has_event_1, has_event_2, has_any_event, snap_active, item_id_FOODS_3_007, item_id_FOODS_3_030, item_id_FOODS_3_042, item_id_FOODS_3_064, item_id_FOODS_3_080, item_id_FOODS_3_086, item_id_FOODS_3_090, item_id_FOODS_3_099, item_id_FOODS_3_120, item_id_FOODS_3_150, item_id_FOODS_3_202, item_id_FOODS_3_219, item_id_FOODS_3_226, item_id_FOODS_3_234, item_id_FOODS_3_245, item_id_FOODS_3_252, item_id_FOODS_3_281, item_id_FOODS_3_282, item_id_FOODS_3_288, item_id_FOODS_3_295, item_id_FOODS_3_318, item_id_FOODS_3_319, item_id_FOODS_3_329, item_id_FOODS_3_351, item_id_FOODS_3_362, item_id_FOODS_3_376, item_id_FOODS_3_377, item_id_FOODS_3_404, item_id_FOODS_3_406, item_id_FOODS_3_412, item_id_FOODS_3_435, item_id_FOODS_3_455, item_id_FOODS_3_462, item_id_FOODS_3_491, item_id_FOODS_3_498, item_id_FOODS_3_499, item_id_FOODS_3_501, item_id_FOODS_3_541, item_id_FOODS_3_547, item_id_FOODS_3_555, item_id_FOODS_3_586, item_id_FOODS_3_587, item_id_FOODS_3_607, item_id_FOODS_3_635, item_id_FOODS_3_668, item_id_FOODS_3_681, item_id_FOODS_3_694, item_id_FOODS_3_702, item_id_FOODS_3_711, item_id_FOODS_3_714, item_id_FOODS_3_723, item_id_FOODS_3_739, item_id_FOODS_3_741, item_id_FOODS_3_744, item_id_FOODS_3_752, item_id_FOODS_3_755, item_id_FOODS_3_764, item_id_FOODS_3_785, item_id_FOODS_3_800, item_id_FOODS_3_808, item_id_FOODS_3_811, item_id_HOBBIES_1_008, item_id_HOBBIES_1_048, item_id_HOBBIES_1_178, item_id_HOBBIES_1_254, item_id_HOBBIES_1_256, item_id_HOBBIES_1_268, item_id_HOBBIES_1_278, item_id_HOBBIES_1_295, item_id_HOBBIES_1_341, item_id_HOBBIES_1_348, item_id_HOBBIES_1_370, item_id_HOBBIES_1_371, item_id_HOUSEHOLD_1_110, item_id_HOUSEHOLD_1_179, item_id_HOUSEHOLD_1_277, item_id_HOUSEHOLD_1_303, item_id_HOUSEHOLD_1_327, item_id_HOUSEHOLD_1_334, item_id_HOUSEHOLD_1_439, item_id_HOUSEHOLD_1_459, dept_id_FOODS_3, dept_id_HOBBIES_1, dept_id_HOUSEHOLD_1, cat_id_FOODS, cat_id_HOBBIES, cat_id_HOUSEHOLD, store_id_CA_1, store_id_TX_1, store_id_WI_1, state_id_CA, state_id_TX, state_id_WI, event_type_1_Cultural, event_type_1_National, event_type_1_NoEvent, event_type_1_Religious, event_type_1_Sporting, event_type_2_Cultural, event_type_2_NoEvent, event_type_2_Religious",8.700627458531692,5.836322100363471,63.568738299996895,0.576387806786667
28,2,Boosting_All,Erratic,132,2016-02-28,2016-02-29,2016-03-27,216120,840,28.573379039764404,0.04433774948120117,"lag_1, lag_7, lag_14, lag_28, rolling_mean_7, rolling_std_7, rolling_mean_14, rolling_std_14, rolling_mean_28, rolling_std_28, sell_price, price_lag_7, price_change_7, price_rolling_mean_28, price_rolling_std_28, wday, month, year, is_weekend, dayofweek, dayofmonth, weekofyear, quarter, month_sin, month_cos, dow_sin, dow_cos, has_event_1, has_event_2, has_any_event, snap_active, item_id_FOODS_3_007, item_id_FOODS_3_030, item_id_FOODS_3_042, item_id_FOODS_3_064, item_id_FOODS_3_080, item_id_FOODS_3_086, item_id_FOODS_3_090, item_id_FOODS_3_099, item_id_FOODS_3_120, item_id_FOODS_3_150, item_id_FOODS_3_202, item_id_FOODS_3_219, item_id_FOODS_3_226, item_id_FOODS_3_234, item_id_FOODS_3_245, item_id_FOODS_3_252, item_id_FOODS_3_281, item_id_FOODS_3_282, item_id_FOODS_3_288, item_id_FOODS_3_295, item_id_FOODS_3_318, item_id_FOODS_3_319, item_id_FOODS_3_329, item_id_FOODS_3_351, item_id_FOODS_3_362, item_id_FOODS_3_376, item_id_FOODS_3_377, item_id_FOODS_3_404, item_id_FOODS_3_406, item_id_FOODS_3_412, item_id_FOODS_3_435, item_id_FOODS_3_455, item_id_FOODS_3_462, item_id_FOODS_3_491, item_id_FOODS_3_498, item_id_FOODS_3_499, item_id_FOODS_3_501, item_id_FOODS_3_541, item_id_FOODS_3_547, item_id_FOODS_3_555, item_id_FOODS_3_586, item_id_FOODS_3_587, item_id_FOODS_3_607, item_id_FOODS_3_635, item_id_FOODS_3_668, item_id_FOODS_3_681, item_id_FOODS_3_694, item_id_FOODS_3_702, item_id_FOODS_3_711, item_id_FOODS_3_714, item_id_FOODS_3_723, item_id_FOODS_3_739, item_id_FOODS_3_741, item_id_FOODS_3_744, item_id_FOODS_3_752, item_id_FOODS_3_755, item_id_FOODS_3_764, item_id_FOODS_3_785, item_id_FOODS_3_800, item_id_FOODS_3_808, item_id_FOODS_3_811, item_id_HOBBIES_1_008, item_id_HOBBIES_1_048, item_id_HOBBIES_1_178, item_id_HOBBIES_1_254, item_id_HOBBIES_1_256, item_id_HOBBIES_1_268, item_id_HOBBIES_1_278, item_id_HOBBIES_1_295, item_id_HOBBIES_1_341, item_id_HOBBIES_1_348, item_id_HOBBIES_1_370, item_id_HOBBIES_1_371, item_id_HOUSEHOLD_1_110, item_id_HOUSEHOLD_1_179, item_id_HOUSEHOLD_1_277, item_id_HOUSEHOLD_1_303, item_id_HOUSEHOLD_1_327, item_id_HOUSEHOLD_1_334, item_id_HOUSEHOLD_1_439, item_id_HOUSEHOLD_1_459, dept_id_FOODS_3, dept_id_HOBBIES_1, dept_id_HOUSEHOLD_1, cat_id_FOODS, cat_id_HOBBIES, cat_id_HOUSEHOLD, store_id_CA_1, store_id_TX_1, store_id_WI_1, state_id_CA, state_id_TX, state_id_WI, event_type_1_Cultural, event_type_1_National, event_type_1_NoEvent, event_type_1_Religious, event_type_1_Sporting, event_type_2_Cultural, event_type_2_NoEvent, event_type_2_Religious",7.702955247473355,5.202251665324718,85.4002739126388,0.1792123529491757
28,2,Boosting_All,Intermittent,132,2016-02-28,2016-02-29,2016-03-27,216120,840,28.573379039764404,0.04433774948120117,"lag_1, lag_7, lag_14, lag_28, rolling_mean_7, rolling_std_7, rolling_mean_14, rolling_std_14, rolling_mean_28, rolling_std_28, sell_price, price_lag_7, price_change_7, price_rolling_mean_28, price_rolling_std_28, wday, month, year, is_weekend, dayofweek, dayofmonth, weekofyear, quarter, month_sin, month_cos, dow_sin, dow_cos, has_event_1, has_event_2, has_any_event, snap_active, item_id_FOODS_3_007, item_id_FOODS_3_030, item_id_FOODS_3_042, item_id_FOODS_3_064, item_id_FOODS_3_080, item_id_FOODS_3_086, item_id_FOODS_3_090, item_id_FOODS_3_099, item_id_FOODS_3_120, item_id_FOODS_3_150, item_id_FOODS_3_202, item_id_FOODS_3_219, item_id_FOODS_3_226, item_id_FOODS_3_234, item_id_FOODS_3_245, item_id_FOODS_3_252, item_id_FOODS_3_281, item_id_FOODS_3_282, item_id_FOODS_3_288, item_id_FOODS_3_295, item_id_FOODS_3_318, item_id_FOODS_3_319, item_id_FOODS_3_329, item_id_FOODS_3_351, item_id_FOODS_3_362, item_id_FOODS_3_376, item_id_FOODS_3_377, item_id_FOODS_3_404, item_id_FOODS_3_406, item_id_FOODS_3_412, item_id_FOODS_3_435, item_id_FOODS_3_455, item_id_FOODS_3_462, item_id_FOODS_3_491, item_id_FOODS_3_498, item_id_FOODS_3_499, item_id_FOODS_3_501, item_id_FOODS_3_541, item_id_FOODS_3_547, item_id_FOODS_3_555, item_id_FOODS_3_586, item_id_FOODS_3_587, item_id_FOODS_3_607, item_id_FOODS_3_635, item_id_FOODS_3_668, item_id_FOODS_3_681, item_id_FOODS_3_694, item_id_FOODS_3_702, item_id_FOODS_3_711, item_id_FOODS_3_714, item_id_FOODS_3_723, item_id_FOODS_3_739, item_id_FOODS_3_741, item_id_FOODS_3_744, item_id_FOODS_3_752, item_id_FOODS_3_755, item_id_FOODS_3_764, item_id_FOODS_3_785, item_id_FOODS_3_800, item_id_FOODS_3_808, item_id_FOODS_3_811, item_id_HOBBIES_1_008, item_id_HOBBIES_1_048, item_id_HOBBIES_1_178, item_id_HOBBIES_1_254, item_id_HOBBIES_1_256, item_id_HOBBIES_1_268, item_id_HOBBIES_1_278, item_id_HOBBIES_1_295, item_id_HOBBIES_1_341, item_id_HOBBIES_1_348, item_id_HOBBIES_1_370, item_id_HOBBIES_1_371, item_id_HOUSEHOLD_1_110, item_id_HOUSEHOLD_1_179, item_id_HOUSEHOLD_1_277, item_id_HOUSEHOLD_1_303, item_id_HOUSEHOLD_1_327, item_id_HOUSEHOLD_1_334, item_id_HOUSEHOLD_1_439, item_id_HOUSEHOLD_1_459, dept_id_FOODS_3, dept_id_HOBBIES_1, dept_id_HOUSEHOLD_1, cat_id_FOODS, cat_id_HOBBIES, cat_id_HOUSEHOLD, store_id_CA_1, store_id_TX_1, store_id_WI_1, state_id_CA, state_id_TX, state_id_WI, event_type_1_Cultural, event_type_1_National, event_type_1_NoEvent, event_type_1_Religious, event_type_1_Sporting, event_type_2_Cultural, event_type_2_NoEvent, event_type_2_Religious",11.336610530486427,7.159692188300197,48.74611623206009,0.4677020340683774
28,2,Boosting_All,Lumpy,132,2016-02-28,2016-02-29,2016-03-27,216120,840,28.573379039764404,0.04433774948120117,"lag_1, lag_7, lag_14, lag_28, rolling_mean_7, rolling_std_7, rolling_mean_14, rolling_std_14, rolling_mean_28, rolling_std_28, sell_price, price_lag_7, price_change_7, price_rolling_mean_28, price_rolling_std_28, wday, month, year, is_weekend, dayofweek, dayofmonth, weekofyear, quarter, month_sin, month_cos, dow_sin, dow_cos, has_event_1, has_event_2, has_any_event, snap_active, item_id_FOODS_3_007, item_id_FOODS_3_030, item_id_FOODS_3_042, item_id_FOODS_3_064, item_id_FOODS_3_080, item_id_FOODS_3_086, item_id_FOODS_3_090, item_id_FOODS_3_099, item_id_FOODS_3_120, item_id_FOODS_3_150, item_id_FOODS_3_202, item_id_FOODS_3_219, item_id_FOODS_3_226, item_id_FOODS_3_234, item_id_FOODS_3_245, item_id_FOODS_3_252, item_id_FOODS_3_281, item_id_FOODS_3_282, item_id_FOODS_3_288, item_id_FOODS_3_295, item_id_FOODS_3_318, item_id_FOODS_3_319, item_id_FOODS_3_329, item_id_FOODS_3_351, item_id_FOODS_3_362, item_id_FOODS_3_376, item_id_FOODS_3_377, item_id_FOODS_3_404, item_id_FOODS_3_406, item_id_FOODS_3_412, item_id_FOODS_3_435, item_id_FOODS_3_455, item_id_FOODS_3_462, item_id_FOODS_3_491, item_id_FOODS_3_498, item_id_FOODS_3_499, item_id_FOODS_3_501, item_id_FOODS_3_541, item_id_FOODS_3_547, item_id_FOODS_3_555, item_id_FOODS_3_586, item_id_FOODS_3_587, item_id_FOODS_3_607, item_id_FOODS_3_635, item_id_FOODS_3_668, item_id_FOODS_3_681, item_id_FOODS_3_694, item_id_FOODS_3_702, item_id_FOODS_3_711, item_id_FOODS_3_714, item_id_FOODS_3_723, item_id_FOODS_3_739, item_id_FOODS_3_741, item_id_FOODS_3_744, item_id_FOODS_3_752, item_id_FOODS_3_755, item_id_FOODS_3_764, item_id_FOODS_3_785, item_id_FOODS_3_800, item_id_FOODS_3_808, item_id_FOODS_3_811, item_id_HOBBIES_1_008, item_id_HOBBIES_1_048, item_id_HOBBIES_1_178, item_id_HOBBIES_1_254, item_id_HOBBIES_1_256, item_id_HOBBIES_1_268, item_id_HOBBIES_1_278, item_id_HOBBIES_1_295, item_id_HOBBIES_1_341, item_id_HOBBIES_1_348, item_id_HOBBIES_1_370, item_id_HOBBIES_1_371, item_id_HOUSEHOLD_1_110, item_id_HOUSEHOLD_1_179, item_id_HOUSEHOLD_1_277, item_id_HOUSEHOLD_1_303, item_id_HOUSEHOLD_1_327, item_id_HOUSEHOLD_1_334, item_id_HOUSEHOLD_1_439, item_id_HOUSEHOLD_1_459, dept_id_FOODS_3, dept_id_HOBBIES_1, dept_id_HOUSEHOLD_1, cat_id_FOODS, cat_id_HOBBIES, cat_id_HOUSEHOLD, store_id_CA_1, store_id_TX_1, store_id_WI_1, state_id_CA, state_id_TX, state_id_WI, event_type_1_Cultural, event_type_1_National, event_type_1_NoEvent, event_type_1_Religious, event_type_1_Sporting, event_type_2_Cultural, event_type_2_NoEvent, event_type_2_Religious",7.398376517442434,5.3177935480566525,90.60988294343058,0.2053484147335305
28,2,Boosting_All,Smooth,132,2016-02-28,2016-02-29,2016-03-27,216120,840,28.573379039764404,0.04433774948120117,"lag_1, lag_7, lag_14, lag_28, rolling_mean_7, rolling_std_7, rolling_mean_14, rolling_std_14, rolling_mean_28, rolling_std_28, sell_price, price_lag_7, price_change_7, price_rolling_mean_28, price_rolling_std_28, wday, month, year, is_weekend, dayofweek, dayofmonth, weekofyear, quarter, month_sin, month_cos, dow_sin, dow_cos, has_event_1, has_event_2, has_any_event, snap_active, item_id_FOODS_3_007, item_id_FOODS_3_030, item_id_FOODS_3_042, item_id_FOODS_3_064, item_id_FOODS_3_080, item_id_FOODS_3_086, item_id_FOODS_3_090, item_id_FOODS_3_099, item_id_FOODS_3_120, item_id_FOODS_3_150, item_id_FOODS_3_202, item_id_FOODS_3_219, item_id_FOODS_3_226, item_id_FOODS_3_234, item_id_FOODS_3_245, item_id_FOODS_3_252, item_id_FOODS_3_281, item_id_FOODS_3_282, item_id_FOODS_3_288, item_id_FOODS_3_295, item_id_FOODS_3_318, item_id_FOODS_3_319, item_id_FOODS_3_329, item_id_FOODS_3_351, item_id_FOODS_3_362, item_id_FOODS_3_376, item_id_FOODS_3_377, item_id_FOODS_3_404, item_id_FOODS_3_406, item_id_FOODS_3_412, item_id_FOODS_3_435, item_id_FOODS_3_455, item_id_FOODS_3_462, item_id_FOODS_3_491, item_id_FOODS_3_498, item_id_FOODS_3_499, item_id_FOODS_3_501, item_id_FOODS_3_541, item_id_FOODS_3_547, item_id_FOODS_3_555, item_id_FOODS_3_586, item_id_FOODS_3_587, item_id_FOODS_3_607, item_id_FOODS_3_635, item_id_FOODS_3_668, item_id_FOODS_3_681, item_id_FOODS_3_694, item_id_FOODS_3_702, item_id_FOODS_3_711, item_id_FOODS_3_714, item_id_FOODS_3_723, item_id_FOODS_3_739, item_id_FOODS_3_741, item_id_FOODS_3_744, item_id_FOODS_3_752, item_id_FOODS_3_755, item_id_FOODS_3_764, item_id_FOODS_3_785, item_id_FOODS_3_800, item_id_FOODS_3_808, item_id_FOODS_3_811, item_id_HOBBIES_1_008, item_id_HOBBIES_1_048, item_id_HOBBIES_1_178, item_id_HOBBIES_1_254, item_id_HOBBIES_1_256, item_id_HOBBIES_1_268, item_id_HOBBIES_1_278, item_id_HOBBIES_1_295, item_id_HOBBIES_1_341, item_id_HOBBIES_1_348, item_id_HOBBIES_1_370, item_id_HOBBIES_1_371, item_id_HOUSEHOLD_1_110, item_id_HOUSEHOLD_1_179, item_id_HOUSEHOLD_1_277, item_id_HOUSEHOLD_1_303, item_id_HOUSEHOLD_1_327, item_id_HOUSEHOLD_1_334, item_id_HOUSEHOLD_1_439, item_id_HOUSEHOLD_1_459, dept_id_FOODS_3, dept_id_HOBBIES_1, dept_id_HOUSEHOLD_1, cat_id_FOODS, cat_id_HOBBIES, cat_id_HOUSEHOLD, store_id_CA_1, store_id_TX_1, store_id_WI_1, state_id_CA, state_id_TX, state_id_WI, event_type_1_Cultural, event_type_1_National, event_type_1_NoEvent, event_type_1_Religious, event_type_1_Sporting, event_type_2_Cultural, event_type_2_NoEvent, event_type_2_Religious",7.759731936753101,5.665550999772313,29.518680111858114,0.6486342226362447
28,2,MLP_All,All_Regimes,132,2016-02-28,2016-02-29,2016-03-27,216120,3360,193.97896885871887,0.0232696533203125,"lag_1, lag_7, lag_14, lag_28, rolling_mean_7, rolling_std_7, rolling_mean_14, rolling_std_14, rolling_mean_28, rolling_std_28, sell_price, price_lag_7, price_change_7, price_rolling_mean_28, price_rolling_std_28, wday, month, year, is_weekend, dayofweek, dayofmonth, weekofyear, quarter, month_sin, month_cos, dow_sin, dow_cos, has_event_1, has_event_2, has_any_event, snap_active, item_id_FOODS_3_007, item_id_FOODS_3_030, item_id_FOODS_3_042, item_id_FOODS_3_064, item_id_FOODS_3_080, item_id_FOODS_3_086, item_id_FOODS_3_090, item_id_FOODS_3_099, item_id_FOODS_3_120, item_id_FOODS_3_150, item_id_FOODS_3_202, item_id_FOODS_3_219, item_id_FOODS_3_226, item_id_FOODS_3_234, item_id_FOODS_3_245, item_id_FOODS_3_252, item_id_FOODS_3_281, item_id_FOODS_3_282, item_id_FOODS_3_288, item_id_FOODS_3_295, item_id_FOODS_3_318, item_id_FOODS_3_319, item_id_FOODS_3_329, item_id_FOODS_3_351, item_id_FOODS_3_362, item_id_FOODS_3_376, item_id_FOODS_3_377, item_id_FOODS_3_404, item_id_FOODS_3_406, item_id_FOODS_3_412, item_id_FOODS_3_435, item_id_FOODS_3_455, item_id_FOODS_3_462, item_id_FOODS_3_491, item_id_FOODS_3_498, item_id_FOODS_3_499, item_id_FOODS_3_501, item_id_FOODS_3_541, item_id_FOODS_3_547, item_id_FOODS_3_555, item_id_FOODS_3_586, item_id_FOODS_3_587, item_id_FOODS_3_607, item_id_FOODS_3_635, item_id_FOODS_3_668, item_id_FOODS_3_681, item_id_FOODS_3_694, item_id_FOODS_3_702, item_id_FOODS_3_711, item_id_FOODS_3_714, item_id_FOODS_3_723, item_id_FOODS_3_739, item_id_FOODS_3_741, item_id_FOODS_3_744, item_id_FOODS_3_752, item_id_FOODS_3_755, item_id_FOODS_3_764, item_id_FOODS_3_785, item_id_FOODS_3_800, item_id_FOODS_3_808, item_id_FOODS_3_811, item_id_HOBBIES_1_008, item_id_HOBBIES_1_048, item_id_HOBBIES_1_178, item_id_HOBBIES_1_254, item_id_HOBBIES_1_256, item_id_HOBBIES_1_268, item_id_HOBBIES_1_278, item_id_HOBBIES_1_295, item_id_HOBBIES_1_341, item_id_HOBBIES_1_348, item_id_HOBBIES_1_370, item_id_HOBBIES_1_371, item_id_HOUSEHOLD_1_110, item_id_HOUSEHOLD_1_179, item_id_HOUSEHOLD_1_277, item_id_HOUSEHOLD_1_303, item_id_HOUSEHOLD_1_327, item_id_HOUSEHOLD_1_334, item_id_HOUSEHOLD_1_439, item_id_HOUSEHOLD_1_459, dept_id_FOODS_3, dept_id_HOBBIES_1, dept_id_HOUSEHOLD_1, cat_id_FOODS, cat_id_HOBBIES, cat_id_HOUSEHOLD, store_id_CA_1, store_id_TX_1, store_id_WI_1, state_id_CA, state_id_TX, state_id_WI, event_type_1_Cultural, event_type_1_National, event_type_1_NoEvent, event_type_1_Religious, event_type_1_Sporting, event_type_2_Cultural, event_type_2_NoEvent, event_type_2_Religious",10.096668078851422,6.613117820792596,80.30961595458878,0.4295422771847085
28,2,MLP_All,Erratic,132,2016-02-28,2016-02-29,2016-03-27,216120,840,193.97896885871887,0.0232696533203125,"lag_1, lag_7, lag_14, lag_28, rolling_mean_7, rolling_std_7, rolling_mean_14, rolling_std_14, rolling_mean_28, rolling_std_28, sell_price, price_lag_7, price_change_7, price_rolling_mean_28, price_rolling_std_28, wday, month, year, is_weekend, dayofweek, dayofmonth, weekofyear, quarter, month_sin, month_cos, dow_sin, dow_cos, has_event_1, has_event_2, has_any_event, snap_active, item_id_FOODS_3_007, item_id_FOODS_3_030, item_id_FOODS_3_042, item_id_FOODS_3_064, item_id_FOODS_3_080, item_id_FOODS_3_086, item_id_FOODS_3_090, item_id_FOODS_3_099, item_id_FOODS_3_120, item_id_FOODS_3_150, item_id_FOODS_3_202, item_id_FOODS_3_219, item_id_FOODS_3_226, item_id_FOODS_3_234, item_id_FOODS_3_245, item_id_FOODS_3_252, item_id_FOODS_3_281, item_id_FOODS_3_282, item_id_FOODS_3_288, item_id_FOODS_3_295, item_id_FOODS_3_318, item_id_FOODS_3_319, item_id_FOODS_3_329, item_id_FOODS_3_351, item_id_FOODS_3_362, item_id_FOODS_3_376, item_id_FOODS_3_377, item_id_FOODS_3_404, item_id_FOODS_3_406, item_id_FOODS_3_412, item_id_FOODS_3_435, item_id_FOODS_3_455, item_id_FOODS_3_462, item_id_FOODS_3_491, item_id_FOODS_3_498, item_id_FOODS_3_499, item_id_FOODS_3_501, item_id_FOODS_3_541, item_id_FOODS_3_547, item_id_FOODS_3_555, item_id_FOODS_3_586, item_id_FOODS_3_587, item_id_FOODS_3_607, item_id_FOODS_3_635, item_id_FOODS_3_668, item_id_FOODS_3_681, item_id_FOODS_3_694, item_id_FOODS_3_702, item_id_FOODS_3_711, item_id_FOODS_3_714, item_id_FOODS_3_723, item_id_FOODS_3_739, item_id_FOODS_3_741, item_id_FOODS_3_744, item_id_FOODS_3_752, item_id_FOODS_3_755, item_id_FOODS_3_764, item_id_FOODS_3_785, item_id_FOODS_3_800, item_id_FOODS_3_808, item_id_FOODS_3_811, item_id_HOBBIES_1_008, item_id_HOBBIES_1_048, item_id_HOBBIES_1_178, item_id_HOBBIES_1_254, item_id_HOBBIES_1_256, item_id_HOBBIES_1_268, item_id_HOBBIES_1_278, item_id_HOBBIES_1_295, item_id_HOBBIES_1_341, item_id_HOBBIES_1_348, item_id_HOBBIES_1_370, item_id_HOBBIES_1_371, item_id_HOUSEHOLD_1_110, item_id_HOUSEHOLD_1_179, item_id_HOUSEHOLD_1_277, item_id_HOUSEHOLD_1_303, item_id_HOUSEHOLD_1_327, item_id_HOUSEHOLD_1_334, item_id_HOUSEHOLD_1_439, item_id_HOUSEHOLD_1_459, dept_id_FOODS_3, dept_id_HOBBIES_1, dept_id_HOUSEHOLD_1, cat_id_FOODS, cat_id_HOBBIES, cat_id_HOUSEHOLD, store_id_CA_1, store_id_TX_1, store_id_WI_1, state_id_CA, state_id_TX, state_id_WI, event_type_1_Cultural, event_type_1_National, event_type_1_NoEvent, event_type_1_Religious, event_type_1_Sporting, event_type_2_Cultural, event_type_2_NoEvent, event_type_2_Religious",8.102798214461938,5.274659295111099,102.32615021712282,0.09179035509937494
28,2,MLP_All,Intermittent,132,2016-02-28,2016-02-29,2016-03-27,216120,840,193.97896885871887,0.0232696533203125,"lag_1, lag_7, lag_14, lag_28, rolling_mean_7, rolling_std_7, rolling_mean_14, rolling_std_14, rolling_mean_28, rolling_std_28, sell_price, price_lag_7, price_change_7, price_rolling_mean_28, price_rolling_std_28, wday, month, year, is_weekend, dayofweek, dayofmonth, weekofyear, quarter, month_sin, month_cos, dow_sin, dow_cos, has_event_1, has_event_2, has_any_event, snap_active, item_id_FOODS_3_007, item_id_FOODS_3_030, item_id_FOODS_3_042, item_id_FOODS_3_064, item_id_FOODS_3_080, item_id_FOODS_3_086, item_id_FOODS_3_090, item_id_FOODS_3_099, item_id_FOODS_3_120, item_id_FOODS_3_150, item_id_FOODS_3_202, item_id_FOODS_3_219, item_id_FOODS_3_226, item_id_FOODS_3_234, item_id_FOODS_3_245, item_id_FOODS_3_252, item_id_FOODS_3_281, item_id_FOODS_3_282, item_id_FOODS_3_288, item_id_FOODS_3_295, item_id_FOODS_3_318, item_id_FOODS_3_319, item_id_FOODS_3_329, item_id_FOODS_3_351, item_id_FOODS_3_362, item_id_FOODS_3_376, item_id_FOODS_3_377, item_id_FOODS_3_404, item_id_FOODS_3_406, item_id_FOODS_3_412, item_id_FOODS_3_435, item_id_FOODS_3_455, item_id_FOODS_3_462, item_id_FOODS_3_491, item_id_FOODS_3_498, item_id_FOODS_3_499, item_id_FOODS_3_501, item_id_FOODS_3_541, item_id_FOODS_3_547, item_id_FOODS_3_555, item_id_FOODS_3_586, item_id_FOODS_3_587, item_id_FOODS_3_607, item_id_FOODS_3_635, item_id_FOODS_3_668, item_id_FOODS_3_681, item_id_FOODS_3_694, item_id_FOODS_3_702, item_id_FOODS_3_711, item_id_FOODS_3_714, item_id_FOODS_3_723, item_id_FOODS_3_739, item_id_FOODS_3_741, item_id_FOODS_3_744, item_id_FOODS_3_752, item_id_FOODS_3_755, item_id_FOODS_3_764, item_id_FOODS_3_785, item_id_FOODS_3_800, item_id_FOODS_3_808, item_id_FOODS_3_811, item_id_HOBBIES_1_008, item_id_HOBBIES_1_048, item_id_HOBBIES_1_178, item_id_HOBBIES_1_254, item_id_HOBBIES_1_256, item_id_HOBBIES_1_268, item_id_HOBBIES_1_278, item_id_HOBBIES_1_295, item_id_HOBBIES_1_341, item_id_HOBBIES_1_348, item_id_HOBBIES_1_370, item_id_HOBBIES_1_371, item_id_HOUSEHOLD_1_110, item_id_HOUSEHOLD_1_179, item_id_HOUSEHOLD_1_277, item_id_HOUSEHOLD_1_303, item_id_HOUSEHOLD_1_327, item_id_HOUSEHOLD_1_334, item_id_HOUSEHOLD_1_439, item_id_HOUSEHOLD_1_459, dept_id_FOODS_3, dept_id_HOBBIES_1, dept_id_HOUSEHOLD_1, cat_id_FOODS, cat_id_HOBBIES, cat_id_HOUSEHOLD, store_id_CA_1, store_id_TX_1, store_id_WI_1, state_id_CA, state_id_TX, state_id_WI, event_type_1_Cultural, event_type_1_National, event_type_1_NoEvent, event_type_1_Religious, event_type_1_Sporting, event_type_2_Cultural, event_type_2_NoEvent, event_type_2_Religious",14.306241526205499,9.572190916165589,77.79369798600496,0.1523053177084972
28,2,MLP_All,Lumpy,132,2016-02-28,2016-02-29,2016-03-27,216120,840,193.97896885871887,0.0232696533203125,"lag_1, lag_7, lag_14, lag_28, rolling_mean_7, rolling_std_7, rolling_mean_14, rolling_std_14, rolling_mean_28, rolling_std_28, sell_price, price_lag_7, price_change_7, price_rolling_mean_28, price_rolling_std_28, wday, month, year, is_weekend, dayofweek, dayofmonth, weekofyear, quarter, month_sin, month_cos, dow_sin, dow_cos, has_event_1, has_event_2, has_any_event, snap_active, item_id_FOODS_3_007, item_id_FOODS_3_030, item_id_FOODS_3_042, item_id_FOODS_3_064, item_id_FOODS_3_080, item_id_FOODS_3_086, item_id_FOODS_3_090, item_id_FOODS_3_099, item_id_FOODS_3_120, item_id_FOODS_3_150, item_id_FOODS_3_202, item_id_FOODS_3_219, item_id_FOODS_3_226, item_id_FOODS_3_234, item_id_FOODS_3_245, item_id_FOODS_3_252, item_id_FOODS_3_281, item_id_FOODS_3_282, item_id_FOODS_3_288, item_id_FOODS_3_295, item_id_FOODS_3_318, item_id_FOODS_3_319, item_id_FOODS_3_329, item_id_FOODS_3_351, item_id_FOODS_3_362, item_id_FOODS_3_376, item_id_FOODS_3_377, item_id_FOODS_3_404, item_id_FOODS_3_406, item_id_FOODS_3_412, item_id_FOODS_3_435, item_id_FOODS_3_455, item_id_FOODS_3_462, item_id_FOODS_3_491, item_id_FOODS_3_498, item_id_FOODS_3_499, item_id_FOODS_3_501, item_id_FOODS_3_541, item_id_FOODS_3_547, item_id_FOODS_3_555, item_id_FOODS_3_586, item_id_FOODS_3_587, item_id_FOODS_3_607, item_id_FOODS_3_635, item_id_FOODS_3_668, item_id_FOODS_3_681, item_id_FOODS_3_694, item_id_FOODS_3_702, item_id_FOODS_3_711, item_id_FOODS_3_714, item_id_FOODS_3_723, item_id_FOODS_3_739, item_id_FOODS_3_741, item_id_FOODS_3_744, item_id_FOODS_3_752, item_id_FOODS_3_755, item_id_FOODS_3_764, item_id_FOODS_3_785, item_id_FOODS_3_800, item_id_FOODS_3_808, item_id_FOODS_3_811, item_id_HOBBIES_1_008, item_id_HOBBIES_1_048, item_id_HOBBIES_1_178, item_id_HOBBIES_1_254, item_id_HOBBIES_1_256, item_id_HOBBIES_1_268, item_id_HOBBIES_1_278, item_id_HOBBIES_1_295, item_id_HOBBIES_1_341, item_id_HOBBIES_1_348, item_id_HOBBIES_1_370, item_id_HOBBIES_1_371, item_id_HOUSEHOLD_1_110, item_id_HOUSEHOLD_1_179, item_id_HOUSEHOLD_1_277, item_id_HOUSEHOLD_1_303, item_id_HOUSEHOLD_1_327, item_id_HOUSEHOLD_1_334, item_id_HOUSEHOLD_1_439, item_id_HOUSEHOLD_1_459, dept_id_FOODS_3, dept_id_HOBBIES_1, dept_id_HOUSEHOLD_1, cat_id_FOODS, cat_id_HOBBIES, cat_id_HOUSEHOLD, store_id_CA_1, store_id_TX_1, store_id_WI_1, state_id_CA, state_id_TX, state_id_WI, event_type_1_Cultural, event_type_1_National, event_type_1_NoEvent, event_type_1_Religious, event_type_1_Sporting, event_type_2_Cultural, event_type_2_NoEvent, event_type_2_Religious",8.133325358128493,5.4527461057884015,108.92608911161643,0.03962645899046702
28,2,MLP_All,Smooth,132,2016-02-28,2016-02-29,2016-03-27,216120,840,193.97896885871887,0.0232696533203125,"lag_1, lag_7, lag_14, lag_28, rolling_mean_7, rolling_std_7, rolling_mean_14, rolling_std_14, rolling_mean_28, rolling_std_28, sell_price, price_lag_7, price_change_7, price_rolling_mean_28, price_rolling_std_28, wday, month, year, is_weekend, dayofweek, dayofmonth, weekofyear, quarter, month_sin, month_cos, dow_sin, dow_cos, has_event_1, has_event_2, has_any_event, snap_active, item_id_FOODS_3_007, item_id_FOODS_3_030, item_id_FOODS_3_042, item_id_FOODS_3_064, item_id_FOODS_3_080, item_id_FOODS_3_086, item_id_FOODS_3_090, item_id_FOODS_3_099, item_id_FOODS_3_120, item_id_FOODS_3_150, item_id_FOODS_3_202, item_id_FOODS_3_219, item_id_FOODS_3_226, item_id_FOODS_3_234, item_id_FOODS_3_245, item_id_FOODS_3_252, item_id_FOODS_3_281, item_id_FOODS_3_282, item_id_FOODS_3_288, item_id_FOODS_3_295, item_id_FOODS_3_318, item_id_FOODS_3_319, item_id_FOODS_3_329, item_id_FOODS_3_351, item_id_FOODS_3_362, item_id_FOODS_3_376, item_id_FOODS_3_377, item_id_FOODS_3_404, item_id_FOODS_3_406, item_id_FOODS_3_412, item_id_FOODS_3_435, item_id_FOODS_3_455, item_id_FOODS_3_462, item_id_FOODS_3_491, item_id_FOODS_3_498, item_id_FOODS_3_499, item_id_FOODS_3_501, item_id_FOODS_3_541, item_id_FOODS_3_547, item_id_FOODS_3_555, item_id_FOODS_3_586, item_id_FOODS_3_587, item_id_FOODS_3_607, item_id_FOODS_3_635, item_id_FOODS_3_668, item_id_FOODS_3_681, item_id_FOODS_3_694, item_id_FOODS_3_702, item_id_FOODS_3_711, item_id_FOODS_3_714, item_id_FOODS_3_723, item_id_FOODS_3_739, item_id_FOODS_3_741, item_id_FOODS_3_744, item_id_FOODS_3_752, item_id_FOODS_3_755, item_id_FOODS_3_764, item_id_FOODS_3_785, item_id_FOODS_3_800, item_id_FOODS_3_808, item_id_FOODS_3_811, item_id_HOBBIES_1_008, item_id_HOBBIES_1_048, item_id_HOBBIES_1_178, item_id_HOBBIES_1_254, item_id_HOBBIES_1_256, item_id_HOBBIES_1_268, item_id_HOBBIES_1_278, item_id_HOBBIES_1_295, item_id_HOBBIES_1_341, item_id_HOBBIES_1_348, item_id_HOBBIES_1_370, item_id_HOBBIES_1_371, item_id_HOUSEHOLD_1_110, item_id_HOUSEHOLD_1_179, item_id_HOUSEHOLD_1_277, item_id_HOUSEHOLD_1_303, item_id_HOUSEHOLD_1_327, item_id_HOUSEHOLD_1_334, item_id_HOUSEHOLD_1_439, item_id_HOUSEHOLD_1_459, dept_id_FOODS_3, dept_id_HOBBIES_1, dept_id_HOUSEHOLD_1, cat_id_FOODS, cat_id_HOBBIES, cat_id_HOUSEHOLD, store_id_CA_1, store_id_TX_1, store_id_WI_1, state_id_CA, state_id_TX, state_id_WI, event_type_1_Cultural, event_type_1_National, event_type_1_NoEvent, event_type_1_Religious, event_type_1_Sporting, event_type_2_Cultural, event_type_2_NoEvent, event_type_2_Religious",8.443693403150005,6.152874966105297,32.19252650361087,0.5839639801610159
28,2,MI_MLP_Top10,All_Regimes,10,2016-02-28,2016-02-29,2016-03-27,216120,3360,154.059148311615,0.015193462371826172,"rolling_mean_14, rolling_mean_28, rolling_mean_7, lag_7, lag_1, lag_14, rolling_std_28, rolling_std_14, lag_28, rolling_std_7",8.745934753225159,5.935695829839105,65.20141354735351,0.5719645179450676
28,2,MI_MLP_Top10,Erratic,10,2016-02-28,2016-02-29,2016-03-27,216120,840,154.059148311615,0.015193462371826172,"rolling_mean_14, rolling_mean_28, rolling_mean_7, lag_7, lag_1, lag_14, rolling_std_28, rolling_std_14, lag_28, rolling_std_7",7.831497306267331,5.1796061126964625,86.54520159995668,0.15159021647323778
28,2,MI_MLP_Top10,Intermittent,10,2016-02-28,2016-02-29,2016-03-27,216120,840,154.059148311615,0.015193462371826172,"rolling_mean_14, rolling_mean_28, rolling_mean_7, lag_7, lag_1, lag_14, rolling_std_28, rolling_std_14, lag_28, rolling_std_7",10.951156236708936,7.110750352394017,50.367241815690264,0.503283824336672
28,2,MI_MLP_Top10,Lumpy,10,2016-02-28,2016-02-29,2016-03-27,216120,840,154.059148311615,0.015193462371826172,"rolling_mean_14, rolling_mean_28, rolling_mean_7, lag_7, lag_1, lag_14, rolling_std_28, rolling_std_14, lag_28, rolling_std_7",7.690577707472971,5.504183848156903,92.72962154480724,0.14133882903452322
28,2,MI_MLP_Top10,Smooth,10,2016-02-28,2016-02-29,2016-03-27,216120,840,154.059148311615,0.015193462371826172,"rolling_mean_14, rolling_mean_28, rolling_mean_7, lag_7, lag_1, lag_14, rolling_std_28, rolling_std_14, lag_28, rolling_std_7",8.096934010915783,5.948243006109039,31.163589228959875,0.617433249719131
28,3,Ridge_All,All_Regimes,132,2016-03-27,2016-03-28,2016-04-24,219480,3360,1.6999762058258057,0.03387641906738281,"lag_1, lag_7, lag_14, lag_28, rolling_mean_7, rolling_std_7, rolling_mean_14, rolling_std_14, rolling_mean_28, rolling_std_28, sell_price, price_lag_7, price_change_7, price_rolling_mean_28, price_rolling_std_28, wday, month, year, is_weekend, dayofweek, dayofmonth, weekofyear, quarter, month_sin, month_cos, dow_sin, dow_cos, has_event_1, has_event_2, has_any_event, snap_active, item_id_FOODS_3_007, item_id_FOODS_3_030, item_id_FOODS_3_042, item_id_FOODS_3_064, item_id_FOODS_3_080, item_id_FOODS_3_086, item_id_FOODS_3_090, item_id_FOODS_3_099, item_id_FOODS_3_120, item_id_FOODS_3_150, item_id_FOODS_3_202, item_id_FOODS_3_219, item_id_FOODS_3_226, item_id_FOODS_3_234, item_id_FOODS_3_245, item_id_FOODS_3_252, item_id_FOODS_3_281, item_id_FOODS_3_282, item_id_FOODS_3_288, item_id_FOODS_3_295, item_id_FOODS_3_318, item_id_FOODS_3_319, item_id_FOODS_3_329, item_id_FOODS_3_351, item_id_FOODS_3_362, item_id_FOODS_3_376, item_id_FOODS_3_377, item_id_FOODS_3_404, item_id_FOODS_3_406, item_id_FOODS_3_412, item_id_FOODS_3_435, item_id_FOODS_3_455, item_id_FOODS_3_462, item_id_FOODS_3_491, item_id_FOODS_3_498, item_id_FOODS_3_499, item_id_FOODS_3_501, item_id_FOODS_3_541, item_id_FOODS_3_547, item_id_FOODS_3_555, item_id_FOODS_3_586, item_id_FOODS_3_587, item_id_FOODS_3_607, item_id_FOODS_3_635, item_id_FOODS_3_668, item_id_FOODS_3_681, item_id_FOODS_3_694, item_id_FOODS_3_702, item_id_FOODS_3_711, item_id_FOODS_3_714, item_id_FOODS_3_723, item_id_FOODS_3_739, item_id_FOODS_3_741, item_id_FOODS_3_744, item_id_FOODS_3_752, item_id_FOODS_3_755, item_id_FOODS_3_764, item_id_FOODS_3_785, item_id_FOODS_3_800, item_id_FOODS_3_808, item_id_FOODS_3_811, item_id_HOBBIES_1_008, item_id_HOBBIES_1_048, item_id_HOBBIES_1_178, item_id_HOBBIES_1_254, item_id_HOBBIES_1_256, item_id_HOBBIES_1_268, item_id_HOBBIES_1_278, item_id_HOBBIES_1_295, item_id_HOBBIES_1_341, item_id_HOBBIES_1_348, item_id_HOBBIES_1_370, item_id_HOBBIES_1_371, item_id_HOUSEHOLD_1_110, item_id_HOUSEHOLD_1_179, item_id_HOUSEHOLD_1_277, item_id_HOUSEHOLD_1_303, item_id_HOUSEHOLD_1_327, item_id_HOUSEHOLD_1_334, item_id_HOUSEHOLD_1_439, item_id_HOUSEHOLD_1_459, dept_id_FOODS_3, dept_id_HOBBIES_1, dept_id_HOUSEHOLD_1, cat_id_FOODS, cat_id_HOBBIES, cat_id_HOUSEHOLD, store_id_CA_1, store_id_TX_1, store_id_WI_1, state_id_CA, state_id_TX, state_id_WI, event_type_1_Cultural, event_type_1_National, event_type_1_NoEvent, event_type_1_Religious, event_type_1_Sporting, event_type_2_Cultural, event_type_2_NoEvent, event_type_2_Religious",8.644649019260962,6.024464281575138,66.74312835677266,0.5844483328674392
28,3,Ridge_All,Erratic,132,2016-03-27,2016-03-28,2016-04-24,219480,840,1.6999762058258057,0.03387641906738281,"lag_1, lag_7, lag_14, lag_28, rolling_mean_7, rolling_std_7, rolling_mean_14, rolling_std_14, rolling_mean_28, rolling_std_28, sell_price, price_lag_7, price_change_7, price_rolling_mean_28, price_rolling_std_28, wday, month, year, is_weekend, dayofweek, dayofmonth, weekofyear, quarter, month_sin, month_cos, dow_sin, dow_cos, has_event_1, has_event_2, has_any_event, snap_active, item_id_FOODS_3_007, item_id_FOODS_3_030, item_id_FOODS_3_042, item_id_FOODS_3_064, item_id_FOODS_3_080, item_id_FOODS_3_086, item_id_FOODS_3_090, item_id_FOODS_3_099, item_id_FOODS_3_120, item_id_FOODS_3_150, item_id_FOODS_3_202, item_id_FOODS_3_219, item_id_FOODS_3_226, item_id_FOODS_3_234, item_id_FOODS_3_245, item_id_FOODS_3_252, item_id_FOODS_3_281, item_id_FOODS_3_282, item_id_FOODS_3_288, item_id_FOODS_3_295, item_id_FOODS_3_318, item_id_FOODS_3_319, item_id_FOODS_3_329, item_id_FOODS_3_351, item_id_FOODS_3_362, item_id_FOODS_3_376, item_id_FOODS_3_377, item_id_FOODS_3_404, item_id_FOODS_3_406, item_id_FOODS_3_412, item_id_FOODS_3_435, item_id_FOODS_3_455, item_id_FOODS_3_462, item_id_FOODS_3_491, item_id_FOODS_3_498, item_id_FOODS_3_499, item_id_FOODS_3_501, item_id_FOODS_3_541, item_id_FOODS_3_547, item_id_FOODS_3_555, item_id_FOODS_3_586, item_id_FOODS_3_587, item_id_FOODS_3_607, item_id_FOODS_3_635, item_id_FOODS_3_668, item_id_FOODS_3_681, item_id_FOODS_3_694, item_id_FOODS_3_702, item_id_FOODS_3_711, item_id_FOODS_3_714, item_id_FOODS_3_723, item_id_FOODS_3_739, item_id_FOODS_3_741, item_id_FOODS_3_744, item_id_FOODS_3_752, item_id_FOODS_3_755, item_id_FOODS_3_764, item_id_FOODS_3_785, item_id_FOODS_3_800, item_id_FOODS_3_808, item_id_FOODS_3_811, item_id_HOBBIES_1_008, item_id_HOBBIES_1_048, item_id_HOBBIES_1_178, item_id_HOBBIES_1_254, item_id_HOBBIES_1_256, item_id_HOBBIES_1_268, item_id_HOBBIES_1_278, item_id_HOBBIES_1_295, item_id_HOBBIES_1_341, item_id_HOBBIES_1_348, item_id_HOBBIES_1_370, item_id_HOBBIES_1_371, item_id_HOUSEHOLD_1_110, item_id_HOUSEHOLD_1_179, item_id_HOUSEHOLD_1_277, item_id_HOUSEHOLD_1_303, item_id_HOUSEHOLD_1_327, item_id_HOUSEHOLD_1_334, item_id_HOUSEHOLD_1_439, item_id_HOUSEHOLD_1_459, dept_id_FOODS_3, dept_id_HOBBIES_1, dept_id_HOUSEHOLD_1, cat_id_FOODS, cat_id_HOBBIES, cat_id_HOUSEHOLD, store_id_CA_1, store_id_TX_1, store_id_WI_1, state_id_CA, state_id_TX, state_id_WI, event_type_1_Cultural, event_type_1_National, event_type_1_NoEvent, event_type_1_Religious, event_type_1_Sporting, event_type_2_Cultural, event_type_2_NoEvent, event_type_2_Religious",8.48034183504795,6.188553510609246,100.69690976809156,0.2781650142309866
28,3,Ridge_All,Intermittent,132,2016-03-27,2016-03-28,2016-04-24,219480,840,1.6999762058258057,0.03387641906738281,"lag_1, lag_7, lag_14, lag_28, rolling_mean_7, rolling_std_7, rolling_mean_14, rolling_std_14, rolling_mean_28, rolling_std_28, sell_price, price_lag_7, price_change_7, price_rolling_mean_28, price_rolling_std_28, wday, month, year, is_weekend, dayofweek, dayofmonth, weekofyear, quarter, month_sin, month_cos, dow_sin, dow_cos, has_event_1, has_event_2, has_any_event, snap_active, item_id_FOODS_3_007, item_id_FOODS_3_030, item_id_FOODS_3_042, item_id_FOODS_3_064, item_id_FOODS_3_080, item_id_FOODS_3_086, item_id_FOODS_3_090, item_id_FOODS_3_099, item_id_FOODS_3_120, item_id_FOODS_3_150, item_id_FOODS_3_202, item_id_FOODS_3_219, item_id_FOODS_3_226, item_id_FOODS_3_234, item_id_FOODS_3_245, item_id_FOODS_3_252, item_id_FOODS_3_281, item_id_FOODS_3_282, item_id_FOODS_3_288, item_id_FOODS_3_295, item_id_FOODS_3_318, item_id_FOODS_3_319, item_id_FOODS_3_329, item_id_FOODS_3_351, item_id_FOODS_3_362, item_id_FOODS_3_376, item_id_FOODS_3_377, item_id_FOODS_3_404, item_id_FOODS_3_406, item_id_FOODS_3_412, item_id_FOODS_3_435, item_id_FOODS_3_455, item_id_FOODS_3_462, item_id_FOODS_3_491, item_id_FOODS_3_498, item_id_FOODS_3_499, item_id_FOODS_3_501, item_id_FOODS_3_541, item_id_FOODS_3_547, item_id_FOODS_3_555, item_id_FOODS_3_586, item_id_FOODS_3_587, item_id_FOODS_3_607, item_id_FOODS_3_635, item_id_FOODS_3_668, item_id_FOODS_3_681, item_id_FOODS_3_694, item_id_FOODS_3_702, item_id_FOODS_3_711, item_id_FOODS_3_714, item_id_FOODS_3_723, item_id_FOODS_3_739, item_id_FOODS_3_741, item_id_FOODS_3_744, item_id_FOODS_3_752, item_id_FOODS_3_755, item_id_FOODS_3_764, item_id_FOODS_3_785, item_id_FOODS_3_800, item_id_FOODS_3_808, item_id_FOODS_3_811, item_id_HOBBIES_1_008, item_id_HOBBIES_1_048, item_id_HOBBIES_1_178, item_id_HOBBIES_1_254, item_id_HOBBIES_1_256, item_id_HOBBIES_1_268, item_id_HOBBIES_1_278, item_id_HOBBIES_1_295, item_id_HOBBIES_1_341, item_id_HOBBIES_1_348, item_id_HOBBIES_1_370, item_id_HOBBIES_1_371, item_id_HOUSEHOLD_1_110, item_id_HOUSEHOLD_1_179, item_id_HOUSEHOLD_1_277, item_id_HOUSEHOLD_1_303, item_id_HOUSEHOLD_1_327, item_id_HOUSEHOLD_1_334, item_id_HOUSEHOLD_1_439, item_id_HOUSEHOLD_1_459, dept_id_FOODS_3, dept_id_HOBBIES_1, dept_id_HOUSEHOLD_1, cat_id_FOODS, cat_id_HOBBIES, cat_id_HOUSEHOLD, store_id_CA_1, store_id_TX_1, store_id_WI_1, state_id_CA, state_id_TX, state_id_WI, event_type_1_Cultural, event_type_1_National, event_type_1_NoEvent, event_type_1_Religious, event_type_1_Sporting, event_type_2_Cultural, event_type_2_NoEvent, event_type_2_Religious",9.733072956940179,6.486300804492799,43.04496375282516,0.558863281749289
28,3,Ridge_All,Lumpy,132,2016-03-27,2016-03-28,2016-04-24,219480,840,1.6999762058258057,0.03387641906738281,"lag_1, lag_7, lag_14, lag_28, rolling_mean_7, rolling_std_7, rolling_mean_14, rolling_std_14, rolling_mean_28, rolling_std_28, sell_price, price_lag_7, price_change_7, price_rolling_mean_28, price_rolling_std_28, wday, month, year, is_weekend, dayofweek, dayofmonth, weekofyear, quarter, month_sin, month_cos, dow_sin, dow_cos, has_event_1, has_event_2, has_any_event, snap_active, item_id_FOODS_3_007, item_id_FOODS_3_030, item_id_FOODS_3_042, item_id_FOODS_3_064, item_id_FOODS_3_080, item_id_FOODS_3_086, item_id_FOODS_3_090, item_id_FOODS_3_099, item_id_FOODS_3_120, item_id_FOODS_3_150, item_id_FOODS_3_202, item_id_FOODS_3_219, item_id_FOODS_3_226, item_id_FOODS_3_234, item_id_FOODS_3_245, item_id_FOODS_3_252, item_id_FOODS_3_281, item_id_FOODS_3_282, item_id_FOODS_3_288, item_id_FOODS_3_295, item_id_FOODS_3_318, item_id_FOODS_3_319, item_id_FOODS_3_329, item_id_FOODS_3_351, item_id_FOODS_3_362, item_id_FOODS_3_376, item_id_FOODS_3_377, item_id_FOODS_3_404, item_id_FOODS_3_406, item_id_FOODS_3_412, item_id_FOODS_3_435, item_id_FOODS_3_455, item_id_FOODS_3_462, item_id_FOODS_3_491, item_id_FOODS_3_498, item_id_FOODS_3_499, item_id_FOODS_3_501, item_id_FOODS_3_541, item_id_FOODS_3_547, item_id_FOODS_3_555, item_id_FOODS_3_586, item_id_FOODS_3_587, item_id_FOODS_3_607, item_id_FOODS_3_635, item_id_FOODS_3_668, item_id_FOODS_3_681, item_id_FOODS_3_694, item_id_FOODS_3_702, item_id_FOODS_3_711, item_id_FOODS_3_714, item_id_FOODS_3_723, item_id_FOODS_3_739, item_id_FOODS_3_741, item_id_FOODS_3_744, item_id_FOODS_3_752, item_id_FOODS_3_755, item_id_FOODS_3_764, item_id_FOODS_3_785, item_id_FOODS_3_800, item_id_FOODS_3_808, item_id_FOODS_3_811, item_id_HOBBIES_1_008, item_id_HOBBIES_1_048, item_id_HOBBIES_1_178, item_id_HOBBIES_1_254, item_id_HOBBIES_1_256, item_id_HOBBIES_1_268, item_id_HOBBIES_1_278, item_id_HOBBIES_1_295, item_id_HOBBIES_1_341, item_id_HOBBIES_1_348, item_id_HOBBIES_1_370, item_id_HOBBIES_1_371, item_id_HOUSEHOLD_1_110, item_id_HOUSEHOLD_1_179, item_id_HOUSEHOLD_1_277, item_id_HOUSEHOLD_1_303, item_id_HOUSEHOLD_1_327, item_id_HOUSEHOLD_1_334, item_id_HOUSEHOLD_1_439, item_id_HOUSEHOLD_1_459, dept_id_FOODS_3, dept_id_HOBBIES_1, dept_id_HOUSEHOLD_1, cat_id_FOODS, cat_id_HOBBIES, cat_id_HOUSEHOLD, store_id_CA_1, store_id_TX_1, store_id_WI_1, state_id_CA, state_id_TX, state_id_WI, event_type_1_Cultural, event_type_1_National, event_type_1_NoEvent, event_type_1_Religious, event_type_1_Sporting, event_type_2_Cultural, event_type_2_NoEvent, event_type_2_Religious",8.218357393187318,5.614863882500277,94.17629736577297,0.18698673764579132
28,3,Ridge_All,Smooth,132,2016-03-27,2016-03-28,2016-04-24,219480,840,1.6999762058258057,0.03387641906738281,"lag_1, lag_7, lag_14, lag_28, rolling_mean_7, rolling_std_7, rolling_mean_14, rolling_std_14, rolling_mean_28, rolling_std_28, sell_price, price_lag_7, price_change_7, price_rolling_mean_28, price_rolling_std_28, wday, month, year, is_weekend, dayofweek, dayofmonth, weekofyear, quarter, month_sin, month_cos, dow_sin, dow_cos, has_event_1, has_event_2, has_any_event, snap_active, item_id_FOODS_3_007, item_id_FOODS_3_030, item_id_FOODS_3_042, item_id_FOODS_3_064, item_id_FOODS_3_080, item_id_FOODS_3_086, item_id_FOODS_3_090, item_id_FOODS_3_099, item_id_FOODS_3_120, item_id_FOODS_3_150, item_id_FOODS_3_202, item_id_FOODS_3_219, item_id_FOODS_3_226, item_id_FOODS_3_234, item_id_FOODS_3_245, item_id_FOODS_3_252, item_id_FOODS_3_281, item_id_FOODS_3_282, item_id_FOODS_3_288, item_id_FOODS_3_295, item_id_FOODS_3_318, item_id_FOODS_3_319, item_id_FOODS_3_329, item_id_FOODS_3_351, item_id_FOODS_3_362, item_id_FOODS_3_376, item_id_FOODS_3_377, item_id_FOODS_3_404, item_id_FOODS_3_406, item_id_FOODS_3_412, item_id_FOODS_3_435, item_id_FOODS_3_455, item_id_FOODS_3_462, item_id_FOODS_3_491, item_id_FOODS_3_498, item_id_FOODS_3_499, item_id_FOODS_3_501, item_id_FOODS_3_541, item_id_FOODS_3_547, item_id_FOODS_3_555, item_id_FOODS_3_586, item_id_FOODS_3_587, item_id_FOODS_3_607, item_id_FOODS_3_635, item_id_FOODS_3_668, item_id_FOODS_3_681, item_id_FOODS_3_694, item_id_FOODS_3_702, item_id_FOODS_3_711, item_id_FOODS_3_714, item_id_FOODS_3_723, item_id_FOODS_3_739, item_id_FOODS_3_741, item_id_FOODS_3_744, item_id_FOODS_3_752, item_id_FOODS_3_755, item_id_FOODS_3_764, item_id_FOODS_3_785, item_id_FOODS_3_800, item_id_FOODS_3_808, item_id_FOODS_3_811, item_id_HOBBIES_1_008, item_id_HOBBIES_1_048, item_id_HOBBIES_1_178, item_id_HOBBIES_1_254, item_id_HOBBIES_1_256, item_id_HOBBIES_1_268, item_id_HOBBIES_1_278, item_id_HOBBIES_1_295, item_id_HOBBIES_1_341, item_id_HOBBIES_1_348, item_id_HOBBIES_1_370, item_id_HOBBIES_1_371, item_id_HOUSEHOLD_1_110, item_id_HOUSEHOLD_1_179, item_id_HOUSEHOLD_1_277, item_id_HOUSEHOLD_1_303, item_id_HOUSEHOLD_1_327, item_id_HOUSEHOLD_1_334, item_id_HOUSEHOLD_1_439, item_id_HOUSEHOLD_1_459, dept_id_FOODS_3, dept_id_HOBBIES_1, dept_id_HOUSEHOLD_1, cat_id_FOODS, cat_id_HOBBIES, cat_id_HOUSEHOLD, store_id_CA_1, store_id_TX_1, store_id_WI_1, state_id_CA, state_id_TX, state_id_WI, event_type_1_Cultural, event_type_1_National, event_type_1_NoEvent, event_type_1_Religious, event_type_1_Sporting, event_type_2_Cultural, event_type_2_NoEvent, event_type_2_Religious",8.04546590312188,5.8081389286982334,29.054342540401024,0.6184884401930565
28,3,Boosting_All,All_Regimes,132,2016-03-27,2016-03-28,2016-04-24,219480,3360,28.476427793502808,0.04539084434509277,"lag_1, lag_7, lag_14, lag_28, rolling_mean_7, rolling_std_7, rolling_mean_14, rolling_std_14, rolling_mean_28, rolling_std_28, sell_price, price_lag_7, price_change_7, price_rolling_mean_28, price_rolling_std_28, wday, month, year, is_weekend, dayofweek, dayofmonth, weekofyear, quarter, month_sin, month_cos, dow_sin, dow_cos, has_event_1, has_event_2, has_any_event, snap_active, item_id_FOODS_3_007, item_id_FOODS_3_030, item_id_FOODS_3_042, item_id_FOODS_3_064, item_id_FOODS_3_080, item_id_FOODS_3_086, item_id_FOODS_3_090, item_id_FOODS_3_099, item_id_FOODS_3_120, item_id_FOODS_3_150, item_id_FOODS_3_202, item_id_FOODS_3_219, item_id_FOODS_3_226, item_id_FOODS_3_234, item_id_FOODS_3_245, item_id_FOODS_3_252, item_id_FOODS_3_281, item_id_FOODS_3_282, item_id_FOODS_3_288, item_id_FOODS_3_295, item_id_FOODS_3_318, item_id_FOODS_3_319, item_id_FOODS_3_329, item_id_FOODS_3_351, item_id_FOODS_3_362, item_id_FOODS_3_376, item_id_FOODS_3_377, item_id_FOODS_3_404, item_id_FOODS_3_406, item_id_FOODS_3_412, item_id_FOODS_3_435, item_id_FOODS_3_455, item_id_FOODS_3_462, item_id_FOODS_3_491, item_id_FOODS_3_498, item_id_FOODS_3_499, item_id_FOODS_3_501, item_id_FOODS_3_541, item_id_FOODS_3_547, item_id_FOODS_3_555, item_id_FOODS_3_586, item_id_FOODS_3_587, item_id_FOODS_3_607, item_id_FOODS_3_635, item_id_FOODS_3_668, item_id_FOODS_3_681, item_id_FOODS_3_694, item_id_FOODS_3_702, item_id_FOODS_3_711, item_id_FOODS_3_714, item_id_FOODS_3_723, item_id_FOODS_3_739, item_id_FOODS_3_741, item_id_FOODS_3_744, item_id_FOODS_3_752, item_id_FOODS_3_755, item_id_FOODS_3_764, item_id_FOODS_3_785, item_id_FOODS_3_800, item_id_FOODS_3_808, item_id_FOODS_3_811, item_id_HOBBIES_1_008, item_id_HOBBIES_1_048, item_id_HOBBIES_1_178, item_id_HOBBIES_1_254, item_id_HOBBIES_1_256, item_id_HOBBIES_1_268, item_id_HOBBIES_1_278, item_id_HOBBIES_1_295, item_id_HOBBIES_1_341, item_id_HOBBIES_1_348, item_id_HOBBIES_1_370, item_id_HOBBIES_1_371, item_id_HOUSEHOLD_1_110, item_id_HOUSEHOLD_1_179, item_id_HOUSEHOLD_1_277, item_id_HOUSEHOLD_1_303, item_id_HOUSEHOLD_1_327, item_id_HOUSEHOLD_1_334, item_id_HOUSEHOLD_1_439, item_id_HOUSEHOLD_1_459, dept_id_FOODS_3, dept_id_HOBBIES_1, dept_id_HOUSEHOLD_1, cat_id_FOODS, cat_id_HOBBIES, cat_id_HOUSEHOLD, store_id_CA_1, store_id_TX_1, store_id_WI_1, state_id_CA, state_id_TX, state_id_WI, event_type_1_Cultural, event_type_1_National, event_type_1_NoEvent, event_type_1_Religious, event_type_1_Sporting, event_type_2_Cultural, event_type_2_NoEvent, event_type_2_Religious",8.304059601196725,5.721685586542061,65.51109246453372,0.6165478177065344
28,3,Boosting_All,Erratic,132,2016-03-27,2016-03-28,2016-04-24,219480,840,28.476427793502808,0.04539084434509277,"lag_1, lag_7, lag_14, lag_28, rolling_mean_7, rolling_std_7, rolling_mean_14, rolling_std_14, rolling_mean_28, rolling_std_28, sell_price, price_lag_7, price_change_7, price_rolling_mean_28, price_rolling_std_28, wday, month, year, is_weekend, dayofweek, dayofmonth, weekofyear, quarter, month_sin, month_cos, dow_sin, dow_cos, has_event_1, has_event_2, has_any_event, snap_active, item_id_FOODS_3_007, item_id_FOODS_3_030, item_id_FOODS_3_042, item_id_FOODS_3_064, item_id_FOODS_3_080, item_id_FOODS_3_086, item_id_FOODS_3_090, item_id_FOODS_3_099, item_id_FOODS_3_120, item_id_FOODS_3_150, item_id_FOODS_3_202, item_id_FOODS_3_219, item_id_FOODS_3_226, item_id_FOODS_3_234, item_id_FOODS_3_245, item_id_FOODS_3_252, item_id_FOODS_3_281, item_id_FOODS_3_282, item_id_FOODS_3_288, item_id_FOODS_3_295, item_id_FOODS_3_318, item_id_FOODS_3_319, item_id_FOODS_3_329, item_id_FOODS_3_351, item_id_FOODS_3_362, item_id_FOODS_3_376, item_id_FOODS_3_377, item_id_FOODS_3_404, item_id_FOODS_3_406, item_id_FOODS_3_412, item_id_FOODS_3_435, item_id_FOODS_3_455, item_id_FOODS_3_462, item_id_FOODS_3_491, item_id_FOODS_3_498, item_id_FOODS_3_499, item_id_FOODS_3_501, item_id_FOODS_3_541, item_id_FOODS_3_547, item_id_FOODS_3_555, item_id_FOODS_3_586, item_id_FOODS_3_587, item_id_FOODS_3_607, item_id_FOODS_3_635, item_id_FOODS_3_668, item_id_FOODS_3_681, item_id_FOODS_3_694, item_id_FOODS_3_702, item_id_FOODS_3_711, item_id_FOODS_3_714, item_id_FOODS_3_723, item_id_FOODS_3_739, item_id_FOODS_3_741, item_id_FOODS_3_744, item_id_FOODS_3_752, item_id_FOODS_3_755, item_id_FOODS_3_764, item_id_FOODS_3_785, item_id_FOODS_3_800, item_id_FOODS_3_808, item_id_FOODS_3_811, item_id_HOBBIES_1_008, item_id_HOBBIES_1_048, item_id_HOBBIES_1_178, item_id_HOBBIES_1_254, item_id_HOBBIES_1_256, item_id_HOBBIES_1_268, item_id_HOBBIES_1_278, item_id_HOBBIES_1_295, item_id_HOBBIES_1_341, item_id_HOBBIES_1_348, item_id_HOBBIES_1_370, item_id_HOBBIES_1_371, item_id_HOUSEHOLD_1_110, item_id_HOUSEHOLD_1_179, item_id_HOUSEHOLD_1_277, item_id_HOUSEHOLD_1_303, item_id_HOUSEHOLD_1_327, item_id_HOUSEHOLD_1_334, item_id_HOUSEHOLD_1_439, item_id_HOUSEHOLD_1_459, dept_id_FOODS_3, dept_id_HOBBIES_1, dept_id_HOUSEHOLD_1, cat_id_FOODS, cat_id_HOBBIES, cat_id_HOUSEHOLD, store_id_CA_1, store_id_TX_1, store_id_WI_1, state_id_CA, state_id_TX, state_id_WI, event_type_1_Cultural, event_type_1_National, event_type_1_NoEvent, event_type_1_Religious, event_type_1_Sporting, event_type_2_Cultural, event_type_2_NoEvent, event_type_2_Religious",8.195491013278861,5.903565644820258,101.06490745924388,0.32584281562961925
28,3,Boosting_All,Intermittent,132,2016-03-27,2016-03-28,2016-04-24,219480,840,28.476427793502808,0.04539084434509277,"lag_1, lag_7, lag_14, lag_28, rolling_mean_7, rolling_std_7, rolling_mean_14, rolling_std_14, rolling_mean_28, rolling_std_28, sell_price, price_lag_7, price_change_7, price_rolling_mean_28, price_rolling_std_28, wday, month, year, is_weekend, dayofweek, dayofmonth, weekofyear, quarter, month_sin, month_cos, dow_sin, dow_cos, has_event_1, has_event_2, has_any_event, snap_active, item_id_FOODS_3_007, item_id_FOODS_3_030, item_id_FOODS_3_042, item_id_FOODS_3_064, item_id_FOODS_3_080, item_id_FOODS_3_086, item_id_FOODS_3_090, item_id_FOODS_3_099, item_id_FOODS_3_120, item_id_FOODS_3_150, item_id_FOODS_3_202, item_id_FOODS_3_219, item_id_FOODS_3_226, item_id_FOODS_3_234, item_id_FOODS_3_245, item_id_FOODS_3_252, item_id_FOODS_3_281, item_id_FOODS_3_282, item_id_FOODS_3_288, item_id_FOODS_3_295, item_id_FOODS_3_318, item_id_FOODS_3_319, item_id_FOODS_3_329, item_id_FOODS_3_351, item_id_FOODS_3_362, item_id_FOODS_3_376, item_id_FOODS_3_377, item_id_FOODS_3_404, item_id_FOODS_3_406, item_id_FOODS_3_412, item_id_FOODS_3_435, item_id_FOODS_3_455, item_id_FOODS_3_462, item_id_FOODS_3_491, item_id_FOODS_3_498, item_id_FOODS_3_499, item_id_FOODS_3_501, item_id_FOODS_3_541, item_id_FOODS_3_547, item_id_FOODS_3_555, item_id_FOODS_3_586, item_id_FOODS_3_587, item_id_FOODS_3_607, item_id_FOODS_3_635, item_id_FOODS_3_668, item_id_FOODS_3_681, item_id_FOODS_3_694, item_id_FOODS_3_702, item_id_FOODS_3_711, item_id_FOODS_3_714, item_id_FOODS_3_723, item_id_FOODS_3_739, item_id_FOODS_3_741, item_id_FOODS_3_744, item_id_FOODS_3_752, item_id_FOODS_3_755, item_id_FOODS_3_764, item_id_FOODS_3_785, item_id_FOODS_3_800, item_id_FOODS_3_808, item_id_FOODS_3_811, item_id_HOBBIES_1_008, item_id_HOBBIES_1_048, item_id_HOBBIES_1_178, item_id_HOBBIES_1_254, item_id_HOBBIES_1_256, item_id_HOBBIES_1_268, item_id_HOBBIES_1_278, item_id_HOBBIES_1_295, item_id_HOBBIES_1_341, item_id_HOBBIES_1_348, item_id_HOBBIES_1_370, item_id_HOBBIES_1_371, item_id_HOUSEHOLD_1_110, item_id_HOUSEHOLD_1_179, item_id_HOUSEHOLD_1_277, item_id_HOUSEHOLD_1_303, item_id_HOUSEHOLD_1_327, item_id_HOUSEHOLD_1_334, item_id_HOUSEHOLD_1_439, item_id_HOUSEHOLD_1_459, dept_id_FOODS_3, dept_id_HOBBIES_1, dept_id_HOUSEHOLD_1, cat_id_FOODS, cat_id_HOBBIES, cat_id_HOUSEHOLD, store_id_CA_1, store_id_TX_1, store_id_WI_1, state_id_CA, state_id_TX, state_id_WI, event_type_1_Cultural, event_type_1_National, event_type_1_NoEvent, event_type_1_Religious, event_type_1_Sporting, event_type_2_Cultural, event_type_2_NoEvent, event_type_2_Religious",9.079524098227813,5.940183006114213,39.604625273904674,0.6161165212011055
28,3,Boosting_All,Lumpy,132,2016-03-27,2016-03-28,2016-04-24,219480,840,28.476427793502808,0.04539084434509277,"lag_1, lag_7, lag_14, lag_28, rolling_mean_7, rolling_std_7, rolling_mean_14, rolling_std_14, rolling_mean_28, rolling_std_28, sell_price, price_lag_7, price_change_7, price_rolling_mean_28, price_rolling_std_28, wday, month, year, is_weekend, dayofweek, dayofmonth, weekofyear, quarter, month_sin, month_cos, dow_sin, dow_cos, has_event_1, has_event_2, has_any_event, snap_active, item_id_FOODS_3_007, item_id_FOODS_3_030, item_id_FOODS_3_042, item_id_FOODS_3_064, item_id_FOODS_3_080, item_id_FOODS_3_086, item_id_FOODS_3_090, item_id_FOODS_3_099, item_id_FOODS_3_120, item_id_FOODS_3_150, item_id_FOODS_3_202, item_id_FOODS_3_219, item_id_FOODS_3_226, item_id_FOODS_3_234, item_id_FOODS_3_245, item_id_FOODS_3_252, item_id_FOODS_3_281, item_id_FOODS_3_282, item_id_FOODS_3_288, item_id_FOODS_3_295, item_id_FOODS_3_318, item_id_FOODS_3_319, item_id_FOODS_3_329, item_id_FOODS_3_351, item_id_FOODS_3_362, item_id_FOODS_3_376, item_id_FOODS_3_377, item_id_FOODS_3_404, item_id_FOODS_3_406, item_id_FOODS_3_412, item_id_FOODS_3_435, item_id_FOODS_3_455, item_id_FOODS_3_462, item_id_FOODS_3_491, item_id_FOODS_3_498, item_id_FOODS_3_499, item_id_FOODS_3_501, item_id_FOODS_3_541, item_id_FOODS_3_547, item_id_FOODS_3_555, item_id_FOODS_3_586, item_id_FOODS_3_587, item_id_FOODS_3_607, item_id_FOODS_3_635, item_id_FOODS_3_668, item_id_FOODS_3_681, item_id_FOODS_3_694, item_id_FOODS_3_702, item_id_FOODS_3_711, item_id_FOODS_3_714, item_id_FOODS_3_723, item_id_FOODS_3_739, item_id_FOODS_3_741, item_id_FOODS_3_744, item_id_FOODS_3_752, item_id_FOODS_3_755, item_id_FOODS_3_764, item_id_FOODS_3_785, item_id_FOODS_3_800, item_id_FOODS_3_808, item_id_FOODS_3_811, item_id_HOBBIES_1_008, item_id_HOBBIES_1_048, item_id_HOBBIES_1_178, item_id_HOBBIES_1_254, item_id_HOBBIES_1_256, item_id_HOBBIES_1_268, item_id_HOBBIES_1_278, item_id_HOBBIES_1_295, item_id_HOBBIES_1_341, item_id_HOBBIES_1_348, item_id_HOBBIES_1_370, item_id_HOBBIES_1_371, item_id_HOUSEHOLD_1_110, item_id_HOUSEHOLD_1_179, item_id_HOUSEHOLD_1_277, item_id_HOUSEHOLD_1_303, item_id_HOUSEHOLD_1_327, item_id_HOUSEHOLD_1_334, item_id_HOUSEHOLD_1_439, item_id_HOUSEHOLD_1_459, dept_id_FOODS_3, dept_id_HOBBIES_1, dept_id_HOUSEHOLD_1, cat_id_FOODS, cat_id_HOBBIES, cat_id_HOUSEHOLD, store_id_CA_1, store_id_TX_1, store_id_WI_1, state_id_CA, state_id_TX, state_id_WI, event_type_1_Cultural, event_type_1_National, event_type_1_NoEvent, event_type_1_Religious, event_type_1_Sporting, event_type_2_Cultural, event_type_2_NoEvent, event_type_2_Religious",7.98090591666515,5.461645757371767,93.12566024800839,0.23328852137606648
28,3,Boosting_All,Smooth,132,2016-03-27,2016-03-28,2016-04-24,219480,840,28.476427793502808,0.04539084434509277,"lag_1, lag_7, lag_14, lag_28, rolling_mean_7, rolling_std_7, rolling_mean_14, rolling_std_14, rolling_mean_28, rolling_std_28, sell_price, price_lag_7, price_change_7, price_rolling_mean_28, price_rolling_std_28, wday, month, year, is_weekend, dayofweek, dayofmonth, weekofyear, quarter, month_sin, month_cos, dow_sin, dow_cos, has_event_1, has_event_2, has_any_event, snap_active, item_id_FOODS_3_007, item_id_FOODS_3_030, item_id_FOODS_3_042, item_id_FOODS_3_064, item_id_FOODS_3_080, item_id_FOODS_3_086, item_id_FOODS_3_090, item_id_FOODS_3_099, item_id_FOODS_3_120, item_id_FOODS_3_150, item_id_FOODS_3_202, item_id_FOODS_3_219, item_id_FOODS_3_226, item_id_FOODS_3_234, item_id_FOODS_3_245, item_id_FOODS_3_252, item_id_FOODS_3_281, item_id_FOODS_3_282, item_id_FOODS_3_288, item_id_FOODS_3_295, item_id_FOODS_3_318, item_id_FOODS_3_319, item_id_FOODS_3_329, item_id_FOODS_3_351, item_id_FOODS_3_362, item_id_FOODS_3_376, item_id_FOODS_3_377, item_id_FOODS_3_404, item_id_FOODS_3_406, item_id_FOODS_3_412, item_id_FOODS_3_435, item_id_FOODS_3_455, item_id_FOODS_3_462, item_id_FOODS_3_491, item_id_FOODS_3_498, item_id_FOODS_3_499, item_id_FOODS_3_501, item_id_FOODS_3_541, item_id_FOODS_3_547, item_id_FOODS_3_555, item_id_FOODS_3_586, item_id_FOODS_3_587, item_id_FOODS_3_607, item_id_FOODS_3_635, item_id_FOODS_3_668, item_id_FOODS_3_681, item_id_FOODS_3_694, item_id_FOODS_3_702, item_id_FOODS_3_711, item_id_FOODS_3_714, item_id_FOODS_3_723, item_id_FOODS_3_739, item_id_FOODS_3_741, item_id_FOODS_3_744, item_id_FOODS_3_752, item_id_FOODS_3_755, item_id_FOODS_3_764, item_id_FOODS_3_785, item_id_FOODS_3_800, item_id_FOODS_3_808, item_id_FOODS_3_811, item_id_HOBBIES_1_008, item_id_HOBBIES_1_048, item_id_HOBBIES_1_178, item_id_HOBBIES_1_254, item_id_HOBBIES_1_256, item_id_HOBBIES_1_268, item_id_HOBBIES_1_278, item_id_HOBBIES_1_295, item_id_HOBBIES_1_341, item_id_HOBBIES_1_348, item_id_HOBBIES_1_370, item_id_HOBBIES_1_371, item_id_HOUSEHOLD_1_110, item_id_HOUSEHOLD_1_179, item_id_HOUSEHOLD_1_277, item_id_HOUSEHOLD_1_303, item_id_HOUSEHOLD_1_327, item_id_HOUSEHOLD_1_334, item_id_HOUSEHOLD_1_439, item_id_HOUSEHOLD_1_459, dept_id_FOODS_3, dept_id_HOBBIES_1, dept_id_HOUSEHOLD_1, cat_id_FOODS, cat_id_HOBBIES, cat_id_HOUSEHOLD, store_id_CA_1, store_id_TX_1, store_id_WI_1, state_id_CA, state_id_TX, state_id_WI, event_type_1_Cultural, event_type_1_National, event_type_1_NoEvent, event_type_1_Religious, event_type_1_Sporting, event_type_2_Cultural, event_type_2_NoEvent, event_type_2_Religious",7.907650307848411,5.5813479378620094,28.249176876977906,0.6314467750539611
28,3,MLP_All,All_Regimes,132,2016-03-27,2016-03-28,2016-04-24,219480,3360,171.25286889076233,0.023272275924682617,"lag_1, lag_7, lag_14, lag_28, rolling_mean_7, rolling_std_7, rolling_mean_14, rolling_std_14, rolling_mean_28, rolling_std_28, sell_price, price_lag_7, price_change_7, price_rolling_mean_28, price_rolling_std_28, wday, month, year, is_weekend, dayofweek, dayofmonth, weekofyear, quarter, month_sin, month_cos, dow_sin, dow_cos, has_event_1, has_event_2, has_any_event, snap_active, item_id_FOODS_3_007, item_id_FOODS_3_030, item_id_FOODS_3_042, item_id_FOODS_3_064, item_id_FOODS_3_080, item_id_FOODS_3_086, item_id_FOODS_3_090, item_id_FOODS_3_099, item_id_FOODS_3_120, item_id_FOODS_3_150, item_id_FOODS_3_202, item_id_FOODS_3_219, item_id_FOODS_3_226, item_id_FOODS_3_234, item_id_FOODS_3_245, item_id_FOODS_3_252, item_id_FOODS_3_281, item_id_FOODS_3_282, item_id_FOODS_3_288, item_id_FOODS_3_295, item_id_FOODS_3_318, item_id_FOODS_3_319, item_id_FOODS_3_329, item_id_FOODS_3_351, item_id_FOODS_3_362, item_id_FOODS_3_376, item_id_FOODS_3_377, item_id_FOODS_3_404, item_id_FOODS_3_406, item_id_FOODS_3_412, item_id_FOODS_3_435, item_id_FOODS_3_455, item_id_FOODS_3_462, item_id_FOODS_3_491, item_id_FOODS_3_498, item_id_FOODS_3_499, item_id_FOODS_3_501, item_id_FOODS_3_541, item_id_FOODS_3_547, item_id_FOODS_3_555, item_id_FOODS_3_586, item_id_FOODS_3_587, item_id_FOODS_3_607, item_id_FOODS_3_635, item_id_FOODS_3_668, item_id_FOODS_3_681, item_id_FOODS_3_694, item_id_FOODS_3_702, item_id_FOODS_3_711, item_id_FOODS_3_714, item_id_FOODS_3_723, item_id_FOODS_3_739, item_id_FOODS_3_741, item_id_FOODS_3_744, item_id_FOODS_3_752, item_id_FOODS_3_755, item_id_FOODS_3_764, item_id_FOODS_3_785, item_id_FOODS_3_800, item_id_FOODS_3_808, item_id_FOODS_3_811, item_id_HOBBIES_1_008, item_id_HOBBIES_1_048, item_id_HOBBIES_1_178, item_id_HOBBIES_1_254, item_id_HOBBIES_1_256, item_id_HOBBIES_1_268, item_id_HOBBIES_1_278, item_id_HOBBIES_1_295, item_id_HOBBIES_1_341, item_id_HOBBIES_1_348, item_id_HOBBIES_1_370, item_id_HOBBIES_1_371, item_id_HOUSEHOLD_1_110, item_id_HOUSEHOLD_1_179, item_id_HOUSEHOLD_1_277, item_id_HOUSEHOLD_1_303, item_id_HOUSEHOLD_1_327, item_id_HOUSEHOLD_1_334, item_id_HOUSEHOLD_1_439, item_id_HOUSEHOLD_1_459, dept_id_FOODS_3, dept_id_HOBBIES_1, dept_id_HOUSEHOLD_1, cat_id_FOODS, cat_id_HOBBIES, cat_id_HOUSEHOLD, store_id_CA_1, store_id_TX_1, store_id_WI_1, state_id_CA, state_id_TX, state_id_WI, event_type_1_Cultural, event_type_1_National, event_type_1_NoEvent, event_type_1_Religious, event_type_1_Sporting, event_type_2_Cultural, event_type_2_NoEvent, event_type_2_Religious",8.730255485159393,5.86770192597443,72.84685668221653,0.5761773086343884
28,3,MLP_All,Erratic,132,2016-03-27,2016-03-28,2016-04-24,219480,840,171.25286889076233,0.023272275924682617,"lag_1, lag_7, lag_14, lag_28, rolling_mean_7, rolling_std_7, rolling_mean_14, rolling_std_14, rolling_mean_28, rolling_std_28, sell_price, price_lag_7, price_change_7, price_rolling_mean_28, price_rolling_std_28, wday, month, year, is_weekend, dayofweek, dayofmonth, weekofyear, quarter, month_sin, month_cos, dow_sin, dow_cos, has_event_1, has_event_2, has_any_event, snap_active, item_id_FOODS_3_007, item_id_FOODS_3_030, item_id_FOODS_3_042, item_id_FOODS_3_064, item_id_FOODS_3_080, item_id_FOODS_3_086, item_id_FOODS_3_090, item_id_FOODS_3_099, item_id_FOODS_3_120, item_id_FOODS_3_150, item_id_FOODS_3_202, item_id_FOODS_3_219, item_id_FOODS_3_226, item_id_FOODS_3_234, item_id_FOODS_3_245, item_id_FOODS_3_252, item_id_FOODS_3_281, item_id_FOODS_3_282, item_id_FOODS_3_288, item_id_FOODS_3_295, item_id_FOODS_3_318, item_id_FOODS_3_319, item_id_FOODS_3_329, item_id_FOODS_3_351, item_id_FOODS_3_362, item_id_FOODS_3_376, item_id_FOODS_3_377, item_id_FOODS_3_404, item_id_FOODS_3_406, item_id_FOODS_3_412, item_id_FOODS_3_435, item_id_FOODS_3_455, item_id_FOODS_3_462, item_id_FOODS_3_491, item_id_FOODS_3_498, item_id_FOODS_3_499, item_id_FOODS_3_501, item_id_FOODS_3_541, item_id_FOODS_3_547, item_id_FOODS_3_555, item_id_FOODS_3_586, item_id_FOODS_3_587, item_id_FOODS_3_607, item_id_FOODS_3_635, item_id_FOODS_3_668, item_id_FOODS_3_681, item_id_FOODS_3_694, item_id_FOODS_3_702, item_id_FOODS_3_711, item_id_FOODS_3_714, item_id_FOODS_3_723, item_id_FOODS_3_739, item_id_FOODS_3_741, item_id_FOODS_3_744, item_id_FOODS_3_752, item_id_FOODS_3_755, item_id_FOODS_3_764, item_id_FOODS_3_785, item_id_FOODS_3_800, item_id_FOODS_3_808, item_id_FOODS_3_811, item_id_HOBBIES_1_008, item_id_HOBBIES_1_048, item_id_HOBBIES_1_178, item_id_HOBBIES_1_254, item_id_HOBBIES_1_256, item_id_HOBBIES_1_268, item_id_HOBBIES_1_278, item_id_HOBBIES_1_295, item_id_HOBBIES_1_341, item_id_HOBBIES_1_348, item_id_HOBBIES_1_370, item_id_HOBBIES_1_371, item_id_HOUSEHOLD_1_110, item_id_HOUSEHOLD_1_179, item_id_HOUSEHOLD_1_277, item_id_HOUSEHOLD_1_303, item_id_HOUSEHOLD_1_327, item_id_HOUSEHOLD_1_334, item_id_HOUSEHOLD_1_439, item_id_HOUSEHOLD_1_459, dept_id_FOODS_3, dept_id_HOBBIES_1, dept_id_HOUSEHOLD_1, cat_id_FOODS, cat_id_HOBBIES, cat_id_HOUSEHOLD, store_id_CA_1, store_id_TX_1, store_id_WI_1, state_id_CA, state_id_TX, state_id_WI, event_type_1_Cultural, event_type_1_National, event_type_1_NoEvent, event_type_1_Religious, event_type_1_Sporting, event_type_2_Cultural, event_type_2_NoEvent, event_type_2_Religious",8.015011597694635,5.25705414187463,109.28545409240877,0.3552081781566626
28,3,MLP_All,Intermittent,132,2016-03-27,2016-03-28,2016-04-24,219480,840,171.25286889076233,0.023272275924682617,"lag_1, lag_7, lag_14, lag_28, rolling_mean_7, rolling_std_7, rolling_mean_14, rolling_std_14, rolling_mean_28, rolling_std_28, sell_price, price_lag_7, price_change_7, price_rolling_mean_28, price_rolling_std_28, wday, month, year, is_weekend, dayofweek, dayofmonth, weekofyear, quarter, month_sin, month_cos, dow_sin, dow_cos, has_event_1, has_event_2, has_any_event, snap_active, item_id_FOODS_3_007, item_id_FOODS_3_030, item_id_FOODS_3_042, item_id_FOODS_3_064, item_id_FOODS_3_080, item_id_FOODS_3_086, item_id_FOODS_3_090, item_id_FOODS_3_099, item_id_FOODS_3_120, item_id_FOODS_3_150, item_id_FOODS_3_202, item_id_FOODS_3_219, item_id_FOODS_3_226, item_id_FOODS_3_234, item_id_FOODS_3_245, item_id_FOODS_3_252, item_id_FOODS_3_281, item_id_FOODS_3_282, item_id_FOODS_3_288, item_id_FOODS_3_295, item_id_FOODS_3_318, item_id_FOODS_3_319, item_id_FOODS_3_329, item_id_FOODS_3_351, item_id_FOODS_3_362, item_id_FOODS_3_376, item_id_FOODS_3_377, item_id_FOODS_3_404, item_id_FOODS_3_406, item_id_FOODS_3_412, item_id_FOODS_3_435, item_id_FOODS_3_455, item_id_FOODS_3_462, item_id_FOODS_3_491, item_id_FOODS_3_498, item_id_FOODS_3_499, item_id_FOODS_3_501, item_id_FOODS_3_541, item_id_FOODS_3_547, item_id_FOODS_3_555, item_id_FOODS_3_586, item_id_FOODS_3_587, item_id_FOODS_3_607, item_id_FOODS_3_635, item_id_FOODS_3_668, item_id_FOODS_3_681, item_id_FOODS_3_694, item_id_FOODS_3_702, item_id_FOODS_3_711, item_id_FOODS_3_714, item_id_FOODS_3_723, item_id_FOODS_3_739, item_id_FOODS_3_741, item_id_FOODS_3_744, item_id_FOODS_3_752, item_id_FOODS_3_755, item_id_FOODS_3_764, item_id_FOODS_3_785, item_id_FOODS_3_800, item_id_FOODS_3_808, item_id_FOODS_3_811, item_id_HOBBIES_1_008, item_id_HOBBIES_1_048, item_id_HOBBIES_1_178, item_id_HOBBIES_1_254, item_id_HOBBIES_1_256, item_id_HOBBIES_1_268, item_id_HOBBIES_1_278, item_id_HOBBIES_1_295, item_id_HOBBIES_1_341, item_id_HOBBIES_1_348, item_id_HOBBIES_1_370, item_id_HOBBIES_1_371, item_id_HOUSEHOLD_1_110, item_id_HOUSEHOLD_1_179, item_id_HOUSEHOLD_1_277, item_id_HOUSEHOLD_1_303, item_id_HOUSEHOLD_1_327, item_id_HOUSEHOLD_1_334, item_id_HOUSEHOLD_1_439, item_id_HOUSEHOLD_1_459, dept_id_FOODS_3, dept_id_HOBBIES_1, dept_id_HOUSEHOLD_1, cat_id_FOODS, cat_id_HOBBIES, cat_id_HOUSEHOLD, store_id_CA_1, store_id_TX_1, store_id_WI_1, state_id_CA, state_id_TX, state_id_WI, event_type_1_Cultural, event_type_1_National, event_type_1_NoEvent, event_type_1_Religious, event_type_1_Sporting, event_type_2_Cultural, event_type_2_NoEvent, event_type_2_Religious",10.223227498620773,6.987390679478678,52.692453898344546,0.5133134984176141
28,3,MLP_All,Lumpy,132,2016-03-27,2016-03-28,2016-04-24,219480,840,171.25286889076233,0.023272275924682617,"lag_1, lag_7, lag_14, lag_28, rolling_mean_7, rolling_std_7, rolling_mean_14, rolling_std_14, rolling_mean_28, rolling_std_28, sell_price, price_lag_7, price_change_7, price_rolling_mean_28, price_rolling_std_28, wday, month, year, is_weekend, dayofweek, dayofmonth, weekofyear, quarter, month_sin, month_cos, dow_sin, dow_cos, has_event_1, has_event_2, has_any_event, snap_active, item_id_FOODS_3_007, item_id_FOODS_3_030, item_id_FOODS_3_042, item_id_FOODS_3_064, item_id_FOODS_3_080, item_id_FOODS_3_086, item_id_FOODS_3_090, item_id_FOODS_3_099, item_id_FOODS_3_120, item_id_FOODS_3_150, item_id_FOODS_3_202, item_id_FOODS_3_219, item_id_FOODS_3_226, item_id_FOODS_3_234, item_id_FOODS_3_245, item_id_FOODS_3_252, item_id_FOODS_3_281, item_id_FOODS_3_282, item_id_FOODS_3_288, item_id_FOODS_3_295, item_id_FOODS_3_318, item_id_FOODS_3_319, item_id_FOODS_3_329, item_id_FOODS_3_351, item_id_FOODS_3_362, item_id_FOODS_3_376, item_id_FOODS_3_377, item_id_FOODS_3_404, item_id_FOODS_3_406, item_id_FOODS_3_412, item_id_FOODS_3_435, item_id_FOODS_3_455, item_id_FOODS_3_462, item_id_FOODS_3_491, item_id_FOODS_3_498, item_id_FOODS_3_499, item_id_FOODS_3_501, item_id_FOODS_3_541, item_id_FOODS_3_547, item_id_FOODS_3_555, item_id_FOODS_3_586, item_id_FOODS_3_587, item_id_FOODS_3_607, item_id_FOODS_3_635, item_id_FOODS_3_668, item_id_FOODS_3_681, item_id_FOODS_3_694, item_id_FOODS_3_702, item_id_FOODS_3_711, item_id_FOODS_3_714, item_id_FOODS_3_723, item_id_FOODS_3_739, item_id_FOODS_3_741, item_id_FOODS_3_744, item_id_FOODS_3_752, item_id_FOODS_3_755, item_id_FOODS_3_764, item_id_FOODS_3_785, item_id_FOODS_3_800, item_id_FOODS_3_808, item_id_FOODS_3_811, item_id_HOBBIES_1_008, item_id_HOBBIES_1_048, item_id_HOBBIES_1_178, item_id_HOBBIES_1_254, item_id_HOBBIES_1_256, item_id_HOBBIES_1_268, item_id_HOBBIES_1_278, item_id_HOBBIES_1_295, item_id_HOBBIES_1_341, item_id_HOBBIES_1_348, item_id_HOBBIES_1_370, item_id_HOBBIES_1_371, item_id_HOUSEHOLD_1_110, item_id_HOUSEHOLD_1_179, item_id_HOUSEHOLD_1_277, item_id_HOUSEHOLD_1_303, item_id_HOUSEHOLD_1_327, item_id_HOUSEHOLD_1_334, item_id_HOUSEHOLD_1_439, item_id_HOUSEHOLD_1_459, dept_id_FOODS_3, dept_id_HOBBIES_1, dept_id_HOUSEHOLD_1, cat_id_FOODS, cat_id_HOBBIES, cat_id_HOUSEHOLD, store_id_CA_1, store_id_TX_1, store_id_WI_1, state_id_CA, state_id_TX, state_id_WI, event_type_1_Cultural, event_type_1_National, event_type_1_NoEvent, event_type_1_Religious, event_type_1_Sporting, event_type_2_Cultural, event_type_2_NoEvent, event_type_2_Religious",8.319142097410905,5.423388265124428,99.66032775554449,0.16692391415191854
28,3,MLP_All,Smooth,132,2016-03-27,2016-03-28,2016-04-24,219480,840,171.25286889076233,0.023272275924682617,"lag_1, lag_7, lag_14, lag_28, rolling_mean_7, rolling_std_7, rolling_mean_14, rolling_std_14, rolling_mean_28, rolling_std_28, sell_price, price_lag_7, price_change_7, price_rolling_mean_28, price_rolling_std_28, wday, month, year, is_weekend, dayofweek, dayofmonth, weekofyear, quarter, month_sin, month_cos, dow_sin, dow_cos, has_event_1, has_event_2, has_any_event, snap_active, item_id_FOODS_3_007, item_id_FOODS_3_030, item_id_FOODS_3_042, item_id_FOODS_3_064, item_id_FOODS_3_080, item_id_FOODS_3_086, item_id_FOODS_3_090, item_id_FOODS_3_099, item_id_FOODS_3_120, item_id_FOODS_3_150, item_id_FOODS_3_202, item_id_FOODS_3_219, item_id_FOODS_3_226, item_id_FOODS_3_234, item_id_FOODS_3_245, item_id_FOODS_3_252, item_id_FOODS_3_281, item_id_FOODS_3_282, item_id_FOODS_3_288, item_id_FOODS_3_295, item_id_FOODS_3_318, item_id_FOODS_3_319, item_id_FOODS_3_329, item_id_FOODS_3_351, item_id_FOODS_3_362, item_id_FOODS_3_376, item_id_FOODS_3_377, item_id_FOODS_3_404, item_id_FOODS_3_406, item_id_FOODS_3_412, item_id_FOODS_3_435, item_id_FOODS_3_455, item_id_FOODS_3_462, item_id_FOODS_3_491, item_id_FOODS_3_498, item_id_FOODS_3_499, item_id_FOODS_3_501, item_id_FOODS_3_541, item_id_FOODS_3_547, item_id_FOODS_3_555, item_id_FOODS_3_586, item_id_FOODS_3_587, item_id_FOODS_3_607, item_id_FOODS_3_635, item_id_FOODS_3_668, item_id_FOODS_3_681, item_id_FOODS_3_694, item_id_FOODS_3_702, item_id_FOODS_3_711, item_id_FOODS_3_714, item_id_FOODS_3_723, item_id_FOODS_3_739, item_id_FOODS_3_741, item_id_FOODS_3_744, item_id_FOODS_3_752, item_id_FOODS_3_755, item_id_FOODS_3_764, item_id_FOODS_3_785, item_id_FOODS_3_800, item_id_FOODS_3_808, item_id_FOODS_3_811, item_id_HOBBIES_1_008, item_id_HOBBIES_1_048, item_id_HOBBIES_1_178, item_id_HOBBIES_1_254, item_id_HOBBIES_1_256, item_id_HOBBIES_1_268, item_id_HOBBIES_1_278, item_id_HOBBIES_1_295, item_id_HOBBIES_1_341, item_id_HOBBIES_1_348, item_id_HOBBIES_1_370, item_id_HOBBIES_1_371, item_id_HOUSEHOLD_1_110, item_id_HOUSEHOLD_1_179, item_id_HOUSEHOLD_1_277, item_id_HOUSEHOLD_1_303, item_id_HOUSEHOLD_1_327, item_id_HOUSEHOLD_1_334, item_id_HOUSEHOLD_1_439, item_id_HOUSEHOLD_1_459, dept_id_FOODS_3, dept_id_HOBBIES_1, dept_id_HOUSEHOLD_1, cat_id_FOODS, cat_id_HOBBIES, cat_id_HOUSEHOLD, store_id_CA_1, store_id_TX_1, store_id_WI_1, state_id_CA, state_id_TX, state_id_WI, event_type_1_Cultural, event_type_1_National, event_type_1_NoEvent, event_type_1_Religious, event_type_1_Sporting, event_type_2_Cultural, event_type_2_NoEvent, event_type_2_Religious",8.179640988941562,5.8029746174199826,29.749190982568248,0.6056573146943305
28,3,MI_MLP_Top10,All_Regimes,10,2016-03-27,2016-03-28,2016-04-24,219480,3360,81.70874571800232,0.00926828384399414,"rolling_mean_14, rolling_mean_28, rolling_mean_7, lag_7, lag_1, lag_14, rolling_std_28, rolling_std_14, lag_28, rolling_std_7",8.714484490363457,6.016013894556758,67.53500857929764,0.5777071763763069
28,3,MI_MLP_Top10,Erratic,10,2016-03-27,2016-03-28,2016-04-24,219480,840,81.70874571800232,0.00926828384399414,"rolling_mean_14, rolling_mean_28, rolling_mean_7, lag_7, lag_1, lag_14, rolling_std_28, rolling_std_14, lag_28, rolling_std_7",8.518235405945182,6.052004649812014,103.48140677965074,0.2716997047843054
28,3,MI_MLP_Top10,Intermittent,10,2016-03-27,2016-03-28,2016-04-24,219480,840,81.70874571800232,0.00926828384399414,"rolling_mean_14, rolling_mean_28, rolling_mean_7, lag_7, lag_1, lag_14, rolling_std_28, rolling_std_14, lag_28, rolling_std_7",9.71225160750312,6.315998049267153,41.61195057292939,0.5607486549071792
28,3,MI_MLP_Top10,Lumpy,10,2016-03-27,2016-03-28,2016-04-24,219480,840,81.70874571800232,0.00926828384399414,"rolling_mean_14, rolling_mean_28, rolling_mean_7, lag_7, lag_1, lag_14, rolling_std_28, rolling_std_14, lag_28, rolling_std_7",8.191504577626274,5.778198338756851,95.23329541516955,0.19229096755308772
28,3,MI_MLP_Top10,Smooth,10,2016-03-27,2016-03-28,2016-04-24,219480,840,81.70874571800232,0.00926828384399414,"rolling_mean_14, rolling_mean_28, rolling_mean_7, lag_7, lag_1, lag_14, rolling_std_28, rolling_std_14, lag_28, rolling_std_7",8.353445203466878,5.917854540391012,29.813381549440905,0.5887209757115881
