item_id,dept_id,cat_id,store_id,state_id,date,target_date,demand,demand_regime,horizon,fold,model,actual,predicted
FOODS_3_007,FOODS_3,FOODS,TX_1,TX,2016-01-04,2016-02-01,0,Lumpy,28,1,Ridge_All,6.0,5.723140133888013
FOODS_3_007,FOODS_3,FOODS,TX_1,TX,2016-01-05,2016-02-02,0,Lumpy,28,1,Ridge_All,6.0,3.740198866360009
FOODS_3_007,FOODS_3,FOODS,TX_1,TX,2016-01-06,2016-02-03,0,Lumpy,28,1,Ridge_All,0.0,3.5708031000631077
FOODS_3_007,FOODS_3,FOODS,TX_1,TX,2016-01-07,2016-02-04,0,Lumpy,28,1,Ridge_All,0.0,4.879045658478743
FOODS_3_007,FOODS_3,FOODS,TX_1,TX,2016-01-08,2016-02-05,0,Lumpy,28,1,Ridge_All,16.0,6.859589698617183
FOODS_3_007,FOODS_3,FOODS,TX_1,TX,2016-01-09,2016-02-06,30,Lumpy,28,1,Ridge_All,10.0,8.08744384058442
FOODS_3_007,FOODS_3,FOODS,TX_1,TX,2016-01-10,2016-02-07,4,Lumpy,28,1,Ridge_All,6.0,10.041621092818719
FOODS_3_007,FOODS_3,FOODS,TX_1,TX,2016-01-11,2016-02-08,8,Lumpy,28,1,Ridge_All,5.0,3.718425100335315
FOODS_3_007,FOODS_3,FOODS,TX_1,TX,2016-01-12,2016-02-09,26,Lumpy,28,1,Ridge_All,29.0,3.085676513348398
FOODS_3_007,FOODS_3,FOODS,TX_1,TX,2016-01-13,2016-02-10,2,Lumpy,28,1,Ridge_All,3.0,6.757358174014334
FOODS_3_007,FOODS_3,FOODS,TX_1,TX,2016-01-14,2016-02-11,2,Lumpy,28,1,Ridge_All,0.0,5.315806913716061
FOODS_3_007,FOODS_3,FOODS,TX_1,TX,2016-01-15,2016-02-12,13,Lumpy,28,1,Ridge_All,0.0,6.000748770128572
FOODS_3_007,FOODS_3,FOODS,TX_1,TX,2016-01-16,2016-02-13,21,Lumpy,28,1,Ridge_All,12.0,13.847401894112398
FOODS_3_007,FOODS_3,FOODS,TX_1,TX,2016-01-17,2016-02-14,2,Lumpy,28,1,Ridge_All,4.0,12.100537582015876
FOODS_3_007,FOODS_3,FOODS,TX_1,TX,2016-01-18,2016-02-15,10,Lumpy,28,1,Ridge_All,5.0,4.712131784583285
FOODS_3_007,FOODS_3,FOODS,TX_1,TX,2016-01-19,2016-02-16,0,Lumpy,28,1,Ridge_All,13.0,6.613364917669465
FOODS_3_007,FOODS_3,FOODS,TX_1,TX,2016-01-20,2016-02-17,3,Lumpy,28,1,Ridge_All,2.0,2.717224079230183
FOODS_3_007,FOODS_3,FOODS,TX_1,TX,2016-01-21,2016-02-18,16,Lumpy,28,1,Ridge_All,18.0,3.8964709842109073
FOODS_3_007,FOODS_3,FOODS,TX_1,TX,2016-01-22,2016-02-19,7,Lumpy,28,1,Ridge_All,0.0,7.936686437018645
FOODS_3_007,FOODS_3,FOODS,TX_1,TX,2016-01-23,2016-02-20,14,Lumpy,28,1,Ridge_All,1.0,11.964929131306489
FOODS_3_042,FOODS_3,FOODS,WI_1,WI,2016-01-04,2016-02-01,7,Smooth,28,1,Ridge_All,11.0,10.675913888952651
FOODS_3_042,FOODS_3,FOODS,WI_1,WI,2016-01-05,2016-02-02,12,Smooth,28,1,Ridge_All,8.0,10.556258753141947
FOODS_3_042,FOODS_3,FOODS,WI_1,WI,2016-01-06,2016-02-03,8,Smooth,28,1,Ridge_All,8.0,11.336076038719677
FOODS_3_042,FOODS_3,FOODS,WI_1,WI,2016-01-07,2016-02-04,7,Smooth,28,1,Ridge_All,7.0,11.361705583098473
FOODS_3_042,FOODS_3,FOODS,WI_1,WI,2016-01-08,2016-02-05,10,Smooth,28,1,Ridge_All,19.0,10.597746198942525
FOODS_3_042,FOODS_3,FOODS,WI_1,WI,2016-01-09,2016-02-06,9,Smooth,28,1,Ridge_All,20.0,15.464623709546114
FOODS_3_042,FOODS_3,FOODS,WI_1,WI,2016-01-10,2016-02-07,10,Smooth,28,1,Ridge_All,16.0,14.733400813711366
FOODS_3_042,FOODS_3,FOODS,WI_1,WI,2016-01-11,2016-02-08,7,Smooth,28,1,Ridge_All,8.0,9.536723980109855
FOODS_3_042,FOODS_3,FOODS,WI_1,WI,2016-01-12,2016-02-09,8,Smooth,28,1,Ridge_All,5.0,8.449078699711226
FOODS_3_042,FOODS_3,FOODS,WI_1,WI,2016-01-13,2016-02-10,7,Smooth,28,1,Ridge_All,12.0,9.151410123545922
FOODS_3_042,FOODS_3,FOODS,WI_1,WI,2016-01-14,2016-02-11,8,Smooth,28,1,Ridge_All,19.0,8.94647422300416
FOODS_3_042,FOODS_3,FOODS,WI_1,WI,2016-01-15,2016-02-12,12,Smooth,28,1,Ridge_All,13.0,11.164933708814157
FOODS_3_042,FOODS_3,FOODS,WI_1,WI,2016-01-16,2016-02-13,15,Smooth,28,1,Ridge_All,17.0,15.313515015722903
FOODS_3_042,FOODS_3,FOODS,WI_1,WI,2016-01-17,2016-02-14,14,Smooth,28,1,Ridge_All,18.0,15.015497659657001
FOODS_3_042,FOODS_3,FOODS,WI_1,WI,2016-01-18,2016-02-15,9,Smooth,28,1,Ridge_All,12.0,9.400382099775387
FOODS_3_042,FOODS_3,FOODS,WI_1,WI,2016-01-19,2016-02-16,6,Smooth,28,1,Ridge_All,10.0,9.20076916894082
FOODS_3_042,FOODS_3,FOODS,WI_1,WI,2016-01-20,2016-02-17,12,Smooth,28,1,Ridge_All,11.0,8.180912086847165
FOODS_3_042,FOODS_3,FOODS,WI_1,WI,2016-01-21,2016-02-18,6,Smooth,28,1,Ridge_All,11.0,10.180668871264938
FOODS_3_042,FOODS_3,FOODS,WI_1,WI,2016-01-22,2016-02-19,11,Smooth,28,1,Ridge_All,10.0,9.276778297995357
FOODS_3_042,FOODS_3,FOODS,WI_1,WI,2016-01-23,2016-02-20,18,Smooth,28,1,Ridge_All,16.0,13.553519400113316
FOODS_3_064,FOODS_3,FOODS,CA_1,CA,2016-01-04,2016-02-01,20,Intermittent,28,1,Ridge_All,18.0,17.453162195730215
FOODS_3_064,FOODS_3,FOODS,CA_1,CA,2016-01-05,2016-02-02,19,Intermittent,28,1,Ridge_All,19.0,17.890578881539906
FOODS_3_064,FOODS_3,FOODS,CA_1,CA,2016-01-06,2016-02-03,12,Intermittent,28,1,Ridge_All,15.0,16.07658301748493
FOODS_3_064,FOODS_3,FOODS,CA_1,CA,2016-01-07,2016-02-04,35,Intermittent,28,1,Ridge_All,26.0,16.51173997483874
FOODS_3_064,FOODS_3,FOODS,CA_1,CA,2016-01-08,2016-02-05,25,Intermittent,28,1,Ridge_All,31.0,19.157404324516563
FOODS_3_064,FOODS_3,FOODS,CA_1,CA,2016-01-09,2016-02-06,31,Intermittent,28,1,Ridge_All,35.0,26.148016480634638
FOODS_3_064,FOODS_3,FOODS,CA_1,CA,2016-01-10,2016-02-07,30,Intermittent,28,1,Ridge_All,23.0,24.54337093058664
FOODS_3_064,FOODS_3,FOODS,CA_1,CA,2016-01-11,2016-02-08,16,Intermittent,28,1,Ridge_All,23.0,18.36493066172574
FOODS_3_064,FOODS_3,FOODS,CA_1,CA,2016-01-12,2016-02-09,15,Intermittent,28,1,Ridge_All,30.0,15.810719948847682
FOODS_3_064,FOODS_3,FOODS,CA_1,CA,2016-01-13,2016-02-10,18,Intermittent,28,1,Ridge_All,20.0,15.140520124984269
FOODS_3_064,FOODS_3,FOODS,CA_1,CA,2016-01-14,2016-02-11,11,Intermittent,28,1,Ridge_All,36.0,18.20829009312583
FOODS_3_064,FOODS_3,FOODS,CA_1,CA,2016-01-15,2016-02-12,30,Intermittent,28,1,Ridge_All,25.0,17.288110711006404
FOODS_3_064,FOODS_3,FOODS,CA_1,CA,2016-01-16,2016-02-13,40,Intermittent,28,1,Ridge_All,29.0,25.10950735961816
FOODS_3_064,FOODS_3,FOODS,CA_1,CA,2016-01-17,2016-02-14,24,Intermittent,28,1,Ridge_All,27.0,25.123237838754342
FOODS_3_064,FOODS_3,FOODS,CA_1,CA,2016-01-18,2016-02-15,27,Intermittent,28,1,Ridge_All,31.0,16.83769265775656
FOODS_3_064,FOODS_3,FOODS,CA_1,CA,2016-01-19,2016-02-16,11,Intermittent,28,1,Ridge_All,36.0,18.22799384079743
FOODS_3_064,FOODS_3,FOODS,CA_1,CA,2016-01-20,2016-02-17,20,Intermittent,28,1,Ridge_All,17.0,14.909517042422934
FOODS_3_064,FOODS_3,FOODS,CA_1,CA,2016-01-21,2016-02-18,17,Intermittent,28,1,Ridge_All,22.0,16.643808194521835
FOODS_3_064,FOODS_3,FOODS,CA_1,CA,2016-01-22,2016-02-19,10,Intermittent,28,1,Ridge_All,25.0,17.48383470845055
FOODS_3_064,FOODS_3,FOODS,CA_1,CA,2016-01-23,2016-02-20,18,Intermittent,28,1,Ridge_All,45.0,22.494292083828565
FOODS_3_086,FOODS_3,FOODS,CA_1,CA,2016-01-04,2016-02-01,5,Erratic,28,1,Ridge_All,8.0,9.720274132213545
FOODS_3_086,FOODS_3,FOODS,CA_1,CA,2016-01-05,2016-02-02,7,Erratic,28,1,Ridge_All,10.0,7.587500237598162
FOODS_3_086,FOODS_3,FOODS,CA_1,CA,2016-01-06,2016-02-03,16,Erratic,28,1,Ridge_All,11.0,8.811428423810248
FOODS_3_086,FOODS_3,FOODS,CA_1,CA,2016-01-07,2016-02-04,10,Erratic,28,1,Ridge_All,9.0,12.804697989680298
FOODS_3_086,FOODS_3,FOODS,CA_1,CA,2016-01-08,2016-02-05,4,Erratic,28,1,Ridge_All,3.0,9.120747293244229
FOODS_3_086,FOODS_3,FOODS,CA_1,CA,2016-01-09,2016-02-06,16,Erratic,28,1,Ridge_All,8.0,11.26279993499864
FOODS_3_086,FOODS_3,FOODS,CA_1,CA,2016-01-10,2016-02-07,17,Erratic,28,1,Ridge_All,5.0,13.528509147058823
FOODS_3_086,FOODS_3,FOODS,CA_1,CA,2016-01-11,2016-02-08,12,Erratic,28,1,Ridge_All,4.0,8.473937797031505
FOODS_3_086,FOODS_3,FOODS,CA_1,CA,2016-01-12,2016-02-09,8,Erratic,28,1,Ridge_All,3.0,7.821511874503349
FOODS_3_086,FOODS_3,FOODS,CA_1,CA,2016-01-13,2016-02-10,5,Erratic,28,1,Ridge_All,5.0,8.831757831319903
FOODS_3_086,FOODS_3,FOODS,CA_1,CA,2016-01-14,2016-02-11,3,Erratic,28,1,Ridge_All,7.0,8.164485342354684
FOODS_3_086,FOODS_3,FOODS,CA_1,CA,2016-01-15,2016-02-12,11,Erratic,28,1,Ridge_All,4.0,7.900896964706431
FOODS_3_086,FOODS_3,FOODS,CA_1,CA,2016-01-16,2016-02-13,11,Erratic,28,1,Ridge_All,2.0,13.247436596973365
FOODS_3_086,FOODS_3,FOODS,CA_1,CA,2016-01-17,2016-02-14,12,Erratic,28,1,Ridge_All,9.0,13.916987684066367
FOODS_3_086,FOODS_3,FOODS,CA_1,CA,2016-01-18,2016-02-15,14,Erratic,28,1,Ridge_All,1.0,7.992990075433646
FOODS_3_086,FOODS_3,FOODS,CA_1,CA,2016-01-19,2016-02-16,7,Erratic,28,1,Ridge_All,1.0,7.8653216159399015
FOODS_3_086,FOODS_3,FOODS,CA_1,CA,2016-01-20,2016-02-17,10,Erratic,28,1,Ridge_All,1.0,7.580255288894916
FOODS_3_086,FOODS_3,FOODS,CA_1,CA,2016-01-21,2016-02-18,15,Erratic,28,1,Ridge_All,3.0,9.489674129079722
FOODS_3_086,FOODS_3,FOODS,CA_1,CA,2016-01-22,2016-02-19,9,Erratic,28,1,Ridge_All,8.0,9.488559700567885
FOODS_3_086,FOODS_3,FOODS,CA_1,CA,2016-01-23,2016-02-20,13,Erratic,28,1,Ridge_All,2.0,12.358466878414774
FOODS_3_007,FOODS_3,FOODS,TX_1,TX,2016-01-04,2016-02-01,0,Lumpy,28,1,Boosting_All,6.0,6.425104803924076
FOODS_3_007,FOODS_3,FOODS,TX_1,TX,2016-01-05,2016-02-02,0,Lumpy,28,1,Boosting_All,6.0,5.696970012168554
FOODS_3_007,FOODS_3,FOODS,TX_1,TX,2016-01-06,2016-02-03,0,Lumpy,28,1,Boosting_All,0.0,5.1842907400700335
FOODS_3_007,FOODS_3,FOODS,TX_1,TX,2016-01-07,2016-02-04,0,Lumpy,28,1,Boosting_All,0.0,5.414915101256911
FOODS_3_007,FOODS_3,FOODS,TX_1,TX,2016-01-08,2016-02-05,0,Lumpy,28,1,Boosting_All,16.0,6.147081838099921
FOODS_3_007,FOODS_3,FOODS,TX_1,TX,2016-01-09,2016-02-06,30,Lumpy,28,1,Boosting_All,10.0,6.786605676036397
FOODS_3_007,FOODS_3,FOODS,TX_1,TX,2016-01-10,2016-02-07,4,Lumpy,28,1,Boosting_All,6.0,7.576128172228222
FOODS_3_007,FOODS_3,FOODS,TX_1,TX,2016-01-11,2016-02-08,8,Lumpy,28,1,Boosting_All,5.0,5.431040352658239
FOODS_3_007,FOODS_3,FOODS,TX_1,TX,2016-01-12,2016-02-09,26,Lumpy,28,1,Boosting_All,29.0,5.373634806185328
FOODS_3_007,FOODS_3,FOODS,TX_1,TX,2016-01-13,2016-02-10,2,Lumpy,28,1,Boosting_All,3.0,7.136803956608456
FOODS_3_007,FOODS_3,FOODS,TX_1,TX,2016-01-14,2016-02-11,2,Lumpy,28,1,Boosting_All,0.0,5.754161230832296
FOODS_3_007,FOODS_3,FOODS,TX_1,TX,2016-01-15,2016-02-12,13,Lumpy,28,1,Boosting_All,0.0,6.368978767570975
FOODS_3_007,FOODS_3,FOODS,TX_1,TX,2016-01-16,2016-02-13,21,Lumpy,28,1,Boosting_All,12.0,8.586958010324189
FOODS_3_007,FOODS_3,FOODS,TX_1,TX,2016-01-17,2016-02-14,2,Lumpy,28,1,Boosting_All,4.0,8.480105031592004
FOODS_3_007,FOODS_3,FOODS,TX_1,TX,2016-01-18,2016-02-15,10,Lumpy,28,1,Boosting_All,5.0,5.482345083770195
FOODS_3_007,FOODS_3,FOODS,TX_1,TX,2016-01-19,2016-02-16,0,Lumpy,28,1,Boosting_All,13.0,5.858282183333124
FOODS_3_007,FOODS_3,FOODS,TX_1,TX,2016-01-20,2016-02-17,3,Lumpy,28,1,Boosting_All,2.0,4.876990417150174
FOODS_3_007,FOODS_3,FOODS,TX_1,TX,2016-01-21,2016-02-18,16,Lumpy,28,1,Boosting_All,18.0,4.957460389339238
FOODS_3_007,FOODS_3,FOODS,TX_1,TX,2016-01-22,2016-02-19,7,Lumpy,28,1,Boosting_All,0.0,7.126717473517195
FOODS_3_007,FOODS_3,FOODS,TX_1,TX,2016-01-23,2016-02-20,14,Lumpy,28,1,Boosting_All,1.0,8.37307700834971
FOODS_3_042,FOODS_3,FOODS,WI_1,WI,2016-01-04,2016-02-01,7,Smooth,28,1,Boosting_All,11.0,10.944637951181749
FOODS_3_042,FOODS_3,FOODS,WI_1,WI,2016-01-05,2016-02-02,12,Smooth,28,1,Boosting_All,8.0,10.141995561755667
FOODS_3_042,FOODS_3,FOODS,WI_1,WI,2016-01-06,2016-02-03,8,Smooth,28,1,Boosting_All,8.0,10.842209111887362
FOODS_3_042,FOODS_3,FOODS,WI_1,WI,2016-01-07,2016-02-04,7,Smooth,28,1,Boosting_All,7.0,10.654724479103542
FOODS_3_042,FOODS_3,FOODS,WI_1,WI,2016-01-08,2016-02-05,10,Smooth,28,1,Boosting_All,19.0,12.423532160178716
FOODS_3_042,FOODS_3,FOODS,WI_1,WI,2016-01-09,2016-02-06,9,Smooth,28,1,Boosting_All,20.0,16.082597136743654
FOODS_3_042,FOODS_3,FOODS,WI_1,WI,2016-01-10,2016-02-07,10,Smooth,28,1,Boosting_All,16.0,14.42892630265374
FOODS_3_042,FOODS_3,FOODS,WI_1,WI,2016-01-11,2016-02-08,7,Smooth,28,1,Boosting_All,8.0,10.199869038499823
FOODS_3_042,FOODS_3,FOODS,WI_1,WI,2016-01-12,2016-02-09,8,Smooth,28,1,Boosting_All,5.0,8.910015392760775
FOODS_3_042,FOODS_3,FOODS,WI_1,WI,2016-01-13,2016-02-10,7,Smooth,28,1,Boosting_All,12.0,9.309063239363068
FOODS_3_042,FOODS_3,FOODS,WI_1,WI,2016-01-14,2016-02-11,8,Smooth,28,1,Boosting_All,19.0,9.23743360694197
FOODS_3_042,FOODS_3,FOODS,WI_1,WI,2016-01-15,2016-02-12,12,Smooth,28,1,Boosting_All,13.0,11.235465503680917
FOODS_3_042,FOODS_3,FOODS,WI_1,WI,2016-01-16,2016-02-13,15,Smooth,28,1,Boosting_All,17.0,14.966599971843896
FOODS_3_042,FOODS_3,FOODS,WI_1,WI,2016-01-17,2016-02-14,14,Smooth,28,1,Boosting_All,18.0,14.092420169193998
FOODS_3_042,FOODS_3,FOODS,WI_1,WI,2016-01-18,2016-02-15,9,Smooth,28,1,Boosting_All,12.0,9.675667351245021
FOODS_3_042,FOODS_3,FOODS,WI_1,WI,2016-01-19,2016-02-16,6,Smooth,28,1,Boosting_All,10.0,9.425148615797108
FOODS_3_042,FOODS_3,FOODS,WI_1,WI,2016-01-20,2016-02-17,12,Smooth,28,1,Boosting_All,11.0,9.076429954552282
FOODS_3_042,FOODS_3,FOODS,WI_1,WI,2016-01-21,2016-02-18,6,Smooth,28,1,Boosting_All,11.0,9.984637816928386
FOODS_3_042,FOODS_3,FOODS,WI_1,WI,2016-01-22,2016-02-19,11,Smooth,28,1,Boosting_All,10.0,10.215975961893992
FOODS_3_042,FOODS_3,FOODS,WI_1,WI,2016-01-23,2016-02-20,18,Smooth,28,1,Boosting_All,16.0,13.8714302929933
FOODS_3_064,FOODS_3,FOODS,CA_1,CA,2016-01-04,2016-02-01,20,Intermittent,28,1,Boosting_All,18.0,17.809542054531637
FOODS_3_064,FOODS_3,FOODS,CA_1,CA,2016-01-05,2016-02-02,19,Intermittent,28,1,Boosting_All,19.0,17.40813106895003
FOODS_3_064,FOODS_3,FOODS,CA_1,CA,2016-01-06,2016-02-03,12,Intermittent,28,1,Boosting_All,15.0,16.80743680319902
FOODS_3_064,FOODS_3,FOODS,CA_1,CA,2016-01-07,2016-02-04,35,Intermittent,28,1,Boosting_All,26.0,16.9545398424068
FOODS_3_064,FOODS_3,FOODS,CA_1,CA,2016-01-08,2016-02-05,25,Intermittent,28,1,Boosting_All,31.0,22.90139137246726
FOODS_3_064,FOODS_3,FOODS,CA_1,CA,2016-01-09,2016-02-06,31,Intermittent,28,1,Boosting_All,35.0,26.579905257144407
FOODS_3_064,FOODS_3,FOODS,CA_1,CA,2016-01-10,2016-02-07,30,Intermittent,28,1,Boosting_All,23.0,25.77641315820518
FOODS_3_064,FOODS_3,FOODS,CA_1,CA,2016-01-11,2016-02-08,16,Intermittent,28,1,Boosting_All,23.0,18.334707581738634
FOODS_3_064,FOODS_3,FOODS,CA_1,CA,2016-01-12,2016-02-09,15,Intermittent,28,1,Boosting_All,30.0,17.38396556267518
FOODS_3_064,FOODS_3,FOODS,CA_1,CA,2016-01-13,2016-02-10,18,Intermittent,28,1,Boosting_All,20.0,17.177375606241196
FOODS_3_064,FOODS_3,FOODS,CA_1,CA,2016-01-14,2016-02-11,11,Intermittent,28,1,Boosting_All,36.0,17.256392233308645
FOODS_3_064,FOODS_3,FOODS,CA_1,CA,2016-01-15,2016-02-12,30,Intermittent,28,1,Boosting_All,25.0,20.27740529402406
FOODS_3_064,FOODS_3,FOODS,CA_1,CA,2016-01-16,2016-02-13,40,Intermittent,28,1,Boosting_All,29.0,27.160777591664164
FOODS_3_064,FOODS_3,FOODS,CA_1,CA,2016-01-17,2016-02-14,24,Intermittent,28,1,Boosting_All,27.0,26.594980199594698
FOODS_3_064,FOODS_3,FOODS,CA_1,CA,2016-01-18,2016-02-15,27,Intermittent,28,1,Boosting_All,31.0,18.594745558235243
FOODS_3_064,FOODS_3,FOODS,CA_1,CA,2016-01-19,2016-02-16,11,Intermittent,28,1,Boosting_All,36.0,18.684489109928457
FOODS_3_064,FOODS_3,FOODS,CA_1,CA,2016-01-20,2016-02-17,20,Intermittent,28,1,Boosting_All,17.0,17.337900679151485
FOODS_3_064,FOODS_3,FOODS,CA_1,CA,2016-01-21,2016-02-18,17,Intermittent,28,1,Boosting_All,22.0,16.598747351658883
FOODS_3_064,FOODS_3,FOODS,CA_1,CA,2016-01-22,2016-02-19,10,Intermittent,28,1,Boosting_All,25.0,19.77939399622291
FOODS_3_064,FOODS_3,FOODS,CA_1,CA,2016-01-23,2016-02-20,18,Intermittent,28,1,Boosting_All,45.0,23.1300358391849
FOODS_3_086,FOODS_3,FOODS,CA_1,CA,2016-01-04,2016-02-01,5,Erratic,28,1,Boosting_All,8.0,10.795615382417859
FOODS_3_086,FOODS_3,FOODS,CA_1,CA,2016-01-05,2016-02-02,7,Erratic,28,1,Boosting_All,10.0,9.571632881927595
FOODS_3_086,FOODS_3,FOODS,CA_1,CA,2016-01-06,2016-02-03,16,Erratic,28,1,Boosting_All,11.0,9.817951969287043
FOODS_3_086,FOODS_3,FOODS,CA_1,CA,2016-01-07,2016-02-04,10,Erratic,28,1,Boosting_All,9.0,10.391076117260681
FOODS_3_086,FOODS_3,FOODS,CA_1,CA,2016-01-08,2016-02-05,4,Erratic,28,1,Boosting_All,3.0,11.429113071174921
FOODS_3_086,FOODS_3,FOODS,CA_1,CA,2016-01-09,2016-02-06,16,Erratic,28,1,Boosting_All,8.0,13.294595179756655
FOODS_3_086,FOODS_3,FOODS,CA_1,CA,2016-01-10,2016-02-07,17,Erratic,28,1,Boosting_All,5.0,14.924447505040037
FOODS_3_086,FOODS_3,FOODS,CA_1,CA,2016-01-11,2016-02-08,12,Erratic,28,1,Boosting_All,4.0,11.078220048797704
FOODS_3_086,FOODS_3,FOODS,CA_1,CA,2016-01-12,2016-02-09,8,Erratic,28,1,Boosting_All,3.0,10.371642108064062
FOODS_3_086,FOODS_3,FOODS,CA_1,CA,2016-01-13,2016-02-10,5,Erratic,28,1,Boosting_All,5.0,10.265221954565954
FOODS_3_086,FOODS_3,FOODS,CA_1,CA,2016-01-14,2016-02-11,3,Erratic,28,1,Boosting_All,7.0,9.21181170109453
FOODS_3_086,FOODS_3,FOODS,CA_1,CA,2016-01-15,2016-02-12,11,Erratic,28,1,Boosting_All,4.0,10.764133723201669
FOODS_3_086,FOODS_3,FOODS,CA_1,CA,2016-01-16,2016-02-13,11,Erratic,28,1,Boosting_All,2.0,14.560912538157352
FOODS_3_086,FOODS_3,FOODS,CA_1,CA,2016-01-17,2016-02-14,12,Erratic,28,1,Boosting_All,9.0,14.711788555663508
FOODS_3_086,FOODS_3,FOODS,CA_1,CA,2016-01-18,2016-02-15,14,Erratic,28,1,Boosting_All,1.0,10.146791425734746
FOODS_3_086,FOODS_3,FOODS,CA_1,CA,2016-01-19,2016-02-16,7,Erratic,28,1,Boosting_All,1.0,9.895437513810874
FOODS_3_086,FOODS_3,FOODS,CA_1,CA,2016-01-20,2016-02-17,10,Erratic,28,1,Boosting_All,1.0,9.312545340017522
FOODS_3_086,FOODS_3,FOODS,CA_1,CA,2016-01-21,2016-02-18,15,Erratic,28,1,Boosting_All,3.0,9.84982111024937
FOODS_3_086,FOODS_3,FOODS,CA_1,CA,2016-01-22,2016-02-19,9,Erratic,28,1,Boosting_All,8.0,11.438431592853176
FOODS_3_086,FOODS_3,FOODS,CA_1,CA,2016-01-23,2016-02-20,13,Erratic,28,1,Boosting_All,2.0,13.430830739848037
FOODS_3_007,FOODS_3,FOODS,TX_1,TX,2016-01-04,2016-02-01,0,Lumpy,28,1,MLP_All,6.0,-2.0842505149231734
FOODS_3_007,FOODS_3,FOODS,TX_1,TX,2016-01-05,2016-02-02,0,Lumpy,28,1,MLP_All,6.0,-3.2176530467947844
FOODS_3_007,FOODS_3,FOODS,TX_1,TX,2016-01-06,2016-02-03,0,Lumpy,28,1,MLP_All,0.0,-4.040536596498536
FOODS_3_007,FOODS_3,FOODS,TX_1,TX,2016-01-07,2016-02-04,0,Lumpy,28,1,MLP_All,0.0,-0.2663383810995781
FOODS_3_007,FOODS_3,FOODS,TX_1,TX,2016-01-08,2016-02-05,0,Lumpy,28,1,MLP_All,16.0,-1.431069992844818
FOODS_3_007,FOODS_3,FOODS,TX_1,TX,2016-01-09,2016-02-06,30,Lumpy,28,1,MLP_All,10.0,0.9213636029446834
FOODS_3_007,FOODS_3,FOODS,TX_1,TX,2016-01-10,2016-02-07,4,Lumpy,28,1,MLP_All,6.0,-1.0111854881777165
FOODS_3_007,FOODS_3,FOODS,TX_1,TX,2016-01-11,2016-02-08,8,Lumpy,28,1,MLP_All,5.0,-4.65827559087029
FOODS_3_007,FOODS_3,FOODS,TX_1,TX,2016-01-12,2016-02-09,26,Lumpy,28,1,MLP_All,29.0,-4.334931742393665
FOODS_3_007,FOODS_3,FOODS,TX_1,TX,2016-01-13,2016-02-10,2,Lumpy,28,1,MLP_All,3.0,-3.3178057776808387
FOODS_3_007,FOODS_3,FOODS,TX_1,TX,2016-01-14,2016-02-11,2,Lumpy,28,1,MLP_All,0.0,-3.4967852161033584
FOODS_3_007,FOODS_3,FOODS,TX_1,TX,2016-01-15,2016-02-12,13,Lumpy,28,1,MLP_All,0.0,-3.8671311489100315
FOODS_3_007,FOODS_3,FOODS,TX_1,TX,2016-01-16,2016-02-13,21,Lumpy,28,1,MLP_All,12.0,0.6424788196249156
FOODS_3_007,FOODS_3,FOODS,TX_1,TX,2016-01-17,2016-02-14,2,Lumpy,28,1,MLP_All,4.0,0.6318456535791903
FOODS_3_007,FOODS_3,FOODS,TX_1,TX,2016-01-18,2016-02-15,10,Lumpy,28,1,MLP_All,5.0,-2.0388889954926768
FOODS_3_007,FOODS_3,FOODS,TX_1,TX,2016-01-19,2016-02-16,0,Lumpy,28,1,MLP_All,13.0,-2.5361516889678857
FOODS_3_007,FOODS_3,FOODS,TX_1,TX,2016-01-20,2016-02-17,3,Lumpy,28,1,MLP_All,2.0,-3.7648681676267666
FOODS_3_007,FOODS_3,FOODS,TX_1,TX,2016-01-21,2016-02-18,16,Lumpy,28,1,MLP_All,18.0,-3.4848638818344497
FOODS_3_007,FOODS_3,FOODS,TX_1,TX,2016-01-22,2016-02-19,7,Lumpy,28,1,MLP_All,0.0,-3.2574509205016753
FOODS_3_007,FOODS_3,FOODS,TX_1,TX,2016-01-23,2016-02-20,14,Lumpy,28,1,MLP_All,1.0,0.9944613603926131
FOODS_3_042,FOODS_3,FOODS,WI_1,WI,2016-01-04,2016-02-01,7,Smooth,28,1,MLP_All,11.0,9.956594909280367
FOODS_3_042,FOODS_3,FOODS,WI_1,WI,2016-01-05,2016-02-02,12,Smooth,28,1,MLP_All,8.0,10.96656360020807
FOODS_3_042,FOODS_3,FOODS,WI_1,WI,2016-01-06,2016-02-03,8,Smooth,28,1,MLP_All,8.0,11.849554892585296
FOODS_3_042,FOODS_3,FOODS,WI_1,WI,2016-01-07,2016-02-04,7,Smooth,28,1,MLP_All,7.0,18.34496126416578
FOODS_3_042,FOODS_3,FOODS,WI_1,WI,2016-01-08,2016-02-05,10,Smooth,28,1,MLP_All,19.0,16.596430920974207
FOODS_3_042,FOODS_3,FOODS,WI_1,WI,2016-01-09,2016-02-06,9,Smooth,28,1,MLP_All,20.0,19.666817743854434
FOODS_3_042,FOODS_3,FOODS,WI_1,WI,2016-01-10,2016-02-07,10,Smooth,28,1,MLP_All,16.0,16.393559462951107
FOODS_3_042,FOODS_3,FOODS,WI_1,WI,2016-01-11,2016-02-08,7,Smooth,28,1,MLP_All,8.0,11.507031376059961
FOODS_3_042,FOODS_3,FOODS,WI_1,WI,2016-01-12,2016-02-09,8,Smooth,28,1,MLP_All,5.0,13.341152579479278
FOODS_3_042,FOODS_3,FOODS,WI_1,WI,2016-01-13,2016-02-10,7,Smooth,28,1,MLP_All,12.0,14.753150639251785
FOODS_3_042,FOODS_3,FOODS,WI_1,WI,2016-01-14,2016-02-11,8,Smooth,28,1,MLP_All,19.0,16.344099523644026
FOODS_3_042,FOODS_3,FOODS,WI_1,WI,2016-01-15,2016-02-12,12,Smooth,28,1,MLP_All,13.0,18.581247702709096
FOODS_3_042,FOODS_3,FOODS,WI_1,WI,2016-01-16,2016-02-13,15,Smooth,28,1,MLP_All,17.0,20.931809608299748
FOODS_3_042,FOODS_3,FOODS,WI_1,WI,2016-01-17,2016-02-14,14,Smooth,28,1,MLP_All,18.0,16.950148082618124
FOODS_3_042,FOODS_3,FOODS,WI_1,WI,2016-01-18,2016-02-15,9,Smooth,28,1,MLP_All,12.0,16.139480253275746
FOODS_3_042,FOODS_3,FOODS,WI_1,WI,2016-01-19,2016-02-16,6,Smooth,28,1,MLP_All,10.0,14.332309866006446
FOODS_3_042,FOODS_3,FOODS,WI_1,WI,2016-01-20,2016-02-17,12,Smooth,28,1,MLP_All,11.0,15.275967171197093
FOODS_3_042,FOODS_3,FOODS,WI_1,WI,2016-01-21,2016-02-18,6,Smooth,28,1,MLP_All,11.0,15.906425034267084
FOODS_3_042,FOODS_3,FOODS,WI_1,WI,2016-01-22,2016-02-19,11,Smooth,28,1,MLP_All,10.0,17.89465137345153
FOODS_3_042,FOODS_3,FOODS,WI_1,WI,2016-01-23,2016-02-20,18,Smooth,28,1,MLP_All,16.0,20.75503468432532
FOODS_3_064,FOODS_3,FOODS,CA_1,CA,2016-01-04,2016-02-01,20,Intermittent,28,1,MLP_All,18.0,15.730449172792701
FOODS_3_064,FOODS_3,FOODS,CA_1,CA,2016-01-05,2016-02-02,19,Intermittent,28,1,MLP_All,19.0,17.11048726889947
FOODS_3_064,FOODS_3,FOODS,CA_1,CA,2016-01-06,2016-02-03,12,Intermittent,28,1,MLP_All,15.0,14.785804794985298
FOODS_3_064,FOODS_3,FOODS,CA_1,CA,2016-01-07,2016-02-04,35,Intermittent,28,1,MLP_All,26.0,19.87687491616111
FOODS_3_064,FOODS_3,FOODS,CA_1,CA,2016-01-08,2016-02-05,25,Intermittent,28,1,MLP_All,31.0,17.573625166063426
FOODS_3_064,FOODS_3,FOODS,CA_1,CA,2016-01-09,2016-02-06,31,Intermittent,28,1,MLP_All,35.0,26.20810430746732
FOODS_3_064,FOODS_3,FOODS,CA_1,CA,2016-01-10,2016-02-07,30,Intermittent,28,1,MLP_All,23.0,25.317002879377235
FOODS_3_064,FOODS_3,FOODS,CA_1,CA,2016-01-11,2016-02-08,16,Intermittent,28,1,MLP_All,23.0,21.825379840234575
FOODS_3_064,FOODS_3,FOODS,CA_1,CA,2016-01-12,2016-02-09,15,Intermittent,28,1,MLP_All,30.0,22.472558490435446
FOODS_3_064,FOODS_3,FOODS,CA_1,CA,2016-01-13,2016-02-10,18,Intermittent,28,1,MLP_All,20.0,21.6604622933652
FOODS_3_064,FOODS_3,FOODS,CA_1,CA,2016-01-14,2016-02-11,11,Intermittent,28,1,MLP_All,36.0,22.629160545938248
FOODS_3_064,FOODS_3,FOODS,CA_1,CA,2016-01-15,2016-02-12,30,Intermittent,28,1,MLP_All,25.0,23.768760413200475
FOODS_3_064,FOODS_3,FOODS,CA_1,CA,2016-01-16,2016-02-13,40,Intermittent,28,1,MLP_All,29.0,29.553317608135853
FOODS_3_064,FOODS_3,FOODS,CA_1,CA,2016-01-17,2016-02-14,24,Intermittent,28,1,MLP_All,27.0,29.310490388124833
FOODS_3_064,FOODS_3,FOODS,CA_1,CA,2016-01-18,2016-02-15,27,Intermittent,28,1,MLP_All,31.0,25.00652120648238
FOODS_3_064,FOODS_3,FOODS,CA_1,CA,2016-01-19,2016-02-16,11,Intermittent,28,1,MLP_All,36.0,26.72995288229881
FOODS_3_064,FOODS_3,FOODS,CA_1,CA,2016-01-20,2016-02-17,20,Intermittent,28,1,MLP_All,17.0,24.034017627359653
FOODS_3_064,FOODS_3,FOODS,CA_1,CA,2016-01-21,2016-02-18,17,Intermittent,28,1,MLP_All,22.0,22.93792873821896
FOODS_3_064,FOODS_3,FOODS,CA_1,CA,2016-01-22,2016-02-19,10,Intermittent,28,1,MLP_All,25.0,23.15245729505843
FOODS_3_064,FOODS_3,FOODS,CA_1,CA,2016-01-23,2016-02-20,18,Intermittent,28,1,MLP_All,45.0,29.391467509241632
FOODS_3_086,FOODS_3,FOODS,CA_1,CA,2016-01-04,2016-02-01,5,Erratic,28,1,MLP_All,8.0,10.00347642811557
FOODS_3_086,FOODS_3,FOODS,CA_1,CA,2016-01-05,2016-02-02,7,Erratic,28,1,MLP_All,10.0,9.568285399999086
FOODS_3_086,FOODS_3,FOODS,CA_1,CA,2016-01-06,2016-02-03,16,Erratic,28,1,MLP_All,11.0,8.3326163186178
FOODS_3_086,FOODS_3,FOODS,CA_1,CA,2016-01-07,2016-02-04,10,Erratic,28,1,MLP_All,9.0,20.74545791060627
FOODS_3_086,FOODS_3,FOODS,CA_1,CA,2016-01-08,2016-02-05,4,Erratic,28,1,MLP_All,3.0,11.92852554577418
FOODS_3_086,FOODS_3,FOODS,CA_1,CA,2016-01-09,2016-02-06,16,Erratic,28,1,MLP_All,8.0,14.571993544446782
FOODS_3_086,FOODS_3,FOODS,CA_1,CA,2016-01-10,2016-02-07,17,Erratic,28,1,MLP_All,5.0,16.45926291767461
FOODS_3_086,FOODS_3,FOODS,CA_1,CA,2016-01-11,2016-02-08,12,Erratic,28,1,MLP_All,4.0,8.916081249298482
FOODS_3_086,FOODS_3,FOODS,CA_1,CA,2016-01-12,2016-02-09,8,Erratic,28,1,MLP_All,3.0,7.811097647766153
FOODS_3_086,FOODS_3,FOODS,CA_1,CA,2016-01-13,2016-02-10,5,Erratic,28,1,MLP_All,5.0,5.502666521755531
FOODS_3_086,FOODS_3,FOODS,CA_1,CA,2016-01-14,2016-02-11,3,Erratic,28,1,MLP_All,7.0,4.293367971615695
FOODS_3_086,FOODS_3,FOODS,CA_1,CA,2016-01-15,2016-02-12,11,Erratic,28,1,MLP_All,4.0,7.134661572545279
FOODS_3_086,FOODS_3,FOODS,CA_1,CA,2016-01-16,2016-02-13,11,Erratic,28,1,MLP_All,2.0,8.365901401065608
FOODS_3_086,FOODS_3,FOODS,CA_1,CA,2016-01-17,2016-02-14,12,Erratic,28,1,MLP_All,9.0,11.51100132461647
FOODS_3_086,FOODS_3,FOODS,CA_1,CA,2016-01-18,2016-02-15,14,Erratic,28,1,MLP_All,1.0,8.830631790186139
FOODS_3_086,FOODS_3,FOODS,CA_1,CA,2016-01-19,2016-02-16,7,Erratic,28,1,MLP_All,1.0,6.280481555645479
FOODS_3_086,FOODS_3,FOODS,CA_1,CA,2016-01-20,2016-02-17,10,Erratic,28,1,MLP_All,1.0,4.236797457476591
FOODS_3_086,FOODS_3,FOODS,CA_1,CA,2016-01-21,2016-02-18,15,Erratic,28,1,MLP_All,3.0,4.920429053306249
FOODS_3_086,FOODS_3,FOODS,CA_1,CA,2016-01-22,2016-02-19,9,Erratic,28,1,MLP_All,8.0,6.286770484980759
FOODS_3_086,FOODS_3,FOODS,CA_1,CA,2016-01-23,2016-02-20,13,Erratic,28,1,MLP_All,2.0,4.9758200839250355
FOODS_3_007,FOODS_3,FOODS,TX_1,TX,2016-01-04,2016-02-01,0,Lumpy,28,1,MI_MLP_Top10,6.0,7.5934369691054115
FOODS_3_007,FOODS_3,FOODS,TX_1,TX,2016-01-05,2016-02-02,0,Lumpy,28,1,MI_MLP_Top10,6.0,6.365796848117703
FOODS_3_007,FOODS_3,FOODS,TX_1,TX,2016-01-06,2016-02-03,0,Lumpy,28,1,MI_MLP_Top10,0.0,5.898292450914321
FOODS_3_007,FOODS_3,FOODS,TX_1,TX,2016-01-07,2016-02-04,0,Lumpy,28,1,MI_MLP_Top10,0.0,6.186748780549681
FOODS_3_007,FOODS_3,FOODS,TX_1,TX,2016-01-08,2016-02-05,0,Lumpy,28,1,MI_MLP_Top10,16.0,8.315101789808152
FOODS_3_007,FOODS_3,FOODS,TX_1,TX,2016-01-09,2016-02-06,30,Lumpy,28,1,MI_MLP_Top10,10.0,6.1694184240537435
FOODS_3_007,FOODS_3,FOODS,TX_1,TX,2016-01-10,2016-02-07,4,Lumpy,28,1,MI_MLP_Top10,6.0,9.801748076853992
FOODS_3_007,FOODS_3,FOODS,TX_1,TX,2016-01-11,2016-02-08,8,Lumpy,28,1,MI_MLP_Top10,5.0,6.4469079688274995
FOODS_3_007,FOODS_3,FOODS,TX_1,TX,2016-01-12,2016-02-09,26,Lumpy,28,1,MI_MLP_Top10,29.0,8.622236864033697
FOODS_3_007,FOODS_3,FOODS,TX_1,TX,2016-01-13,2016-02-10,2,Lumpy,28,1,MI_MLP_Top10,3.0,10.188246936358446
FOODS_3_007,FOODS_3,FOODS,TX_1,TX,2016-01-14,2016-02-11,2,Lumpy,28,1,MI_MLP_Top10,0.0,7.8089253375863175
FOODS_3_007,FOODS_3,FOODS,TX_1,TX,2016-01-15,2016-02-12,13,Lumpy,28,1,MI_MLP_Top10,0.0,7.459940646597783
FOODS_3_007,FOODS_3,FOODS,TX_1,TX,2016-01-16,2016-02-13,21,Lumpy,28,1,MI_MLP_Top10,12.0,10.531963207827063
FOODS_3_007,FOODS_3,FOODS,TX_1,TX,2016-01-17,2016-02-14,2,Lumpy,28,1,MI_MLP_Top10,4.0,9.415388215826225
FOODS_3_007,FOODS_3,FOODS,TX_1,TX,2016-01-18,2016-02-15,10,Lumpy,28,1,MI_MLP_Top10,5.0,6.984232494264013
FOODS_3_007,FOODS_3,FOODS,TX_1,TX,2016-01-19,2016-02-16,0,Lumpy,28,1,MI_MLP_Top10,13.0,10.156149141096188
FOODS_3_007,FOODS_3,FOODS,TX_1,TX,2016-01-20,2016-02-17,3,Lumpy,28,1,MI_MLP_Top10,2.0,7.004522246977837
FOODS_3_007,FOODS_3,FOODS,TX_1,TX,2016-01-21,2016-02-18,16,Lumpy,28,1,MI_MLP_Top10,18.0,7.263684308293655
FOODS_3_007,FOODS_3,FOODS,TX_1,TX,2016-01-22,2016-02-19,7,Lumpy,28,1,MI_MLP_Top10,0.0,9.362660036740182
FOODS_3_007,FOODS_3,FOODS,TX_1,TX,2016-01-23,2016-02-20,14,Lumpy,28,1,MI_MLP_Top10,1.0,10.077438978462409
FOODS_3_042,FOODS_3,FOODS,WI_1,WI,2016-01-04,2016-02-01,7,Smooth,28,1,MI_MLP_Top10,11.0,11.56871427267563
FOODS_3_042,FOODS_3,FOODS,WI_1,WI,2016-01-05,2016-02-02,12,Smooth,28,1,MI_MLP_Top10,8.0,12.068172117487457
FOODS_3_042,FOODS_3,FOODS,WI_1,WI,2016-01-06,2016-02-03,8,Smooth,28,1,MI_MLP_Top10,8.0,13.027829330117207
FOODS_3_042,FOODS_3,FOODS,WI_1,WI,2016-01-07,2016-02-04,7,Smooth,28,1,MI_MLP_Top10,7.0,12.087691546931273
FOODS_3_042,FOODS_3,FOODS,WI_1,WI,2016-01-08,2016-02-05,10,Smooth,28,1,MI_MLP_Top10,19.0,10.245689016509308
FOODS_3_042,FOODS_3,FOODS,WI_1,WI,2016-01-09,2016-02-06,9,Smooth,28,1,MI_MLP_Top10,20.0,13.943992041245714
FOODS_3_042,FOODS_3,FOODS,WI_1,WI,2016-01-10,2016-02-07,10,Smooth,28,1,MI_MLP_Top10,16.0,13.361358034058746
FOODS_3_042,FOODS_3,FOODS,WI_1,WI,2016-01-11,2016-02-08,7,Smooth,28,1,MI_MLP_Top10,8.0,9.882691634540988
FOODS_3_042,FOODS_3,FOODS,WI_1,WI,2016-01-12,2016-02-09,8,Smooth,28,1,MI_MLP_Top10,5.0,9.584311302480833
FOODS_3_042,FOODS_3,FOODS,WI_1,WI,2016-01-13,2016-02-10,7,Smooth,28,1,MI_MLP_Top10,12.0,10.465263179436468
FOODS_3_042,FOODS_3,FOODS,WI_1,WI,2016-01-14,2016-02-11,8,Smooth,28,1,MI_MLP_Top10,19.0,8.966396501434625
FOODS_3_042,FOODS_3,FOODS,WI_1,WI,2016-01-15,2016-02-12,12,Smooth,28,1,MI_MLP_Top10,13.0,10.858247783879225
FOODS_3_042,FOODS_3,FOODS,WI_1,WI,2016-01-16,2016-02-13,15,Smooth,28,1,MI_MLP_Top10,17.0,14.169084156182036
FOODS_3_042,FOODS_3,FOODS,WI_1,WI,2016-01-17,2016-02-14,14,Smooth,28,1,MI_MLP_Top10,18.0,13.675799211214676
FOODS_3_042,FOODS_3,FOODS,WI_1,WI,2016-01-18,2016-02-15,9,Smooth,28,1,MI_MLP_Top10,12.0,10.475551056944719
FOODS_3_042,FOODS_3,FOODS,WI_1,WI,2016-01-19,2016-02-16,6,Smooth,28,1,MI_MLP_Top10,10.0,11.368804146643111
FOODS_3_042,FOODS_3,FOODS,WI_1,WI,2016-01-20,2016-02-17,12,Smooth,28,1,MI_MLP_Top10,11.0,9.856021359245757
FOODS_3_042,FOODS_3,FOODS,WI_1,WI,2016-01-21,2016-02-18,6,Smooth,28,1,MI_MLP_Top10,11.0,11.212655151478268
FOODS_3_042,FOODS_3,FOODS,WI_1,WI,2016-01-22,2016-02-19,11,Smooth,28,1,MI_MLP_Top10,10.0,10.529108273510898
FOODS_3_042,FOODS_3,FOODS,WI_1,WI,2016-01-23,2016-02-20,18,Smooth,28,1,MI_MLP_Top10,16.0,12.046812297650929
FOODS_3_064,FOODS_3,FOODS,CA_1,CA,2016-01-04,2016-02-01,20,Intermittent,28,1,MI_MLP_Top10,18.0,17.734973485044694
FOODS_3_064,FOODS_3,FOODS,CA_1,CA,2016-01-05,2016-02-02,19,Intermittent,28,1,MI_MLP_Top10,19.0,19.088527415257644
FOODS_3_064,FOODS_3,FOODS,CA_1,CA,2016-01-06,2016-02-03,12,Intermittent,28,1,MI_MLP_Top10,15.0,16.38165313866605
FOODS_3_064,FOODS_3,FOODS,CA_1,CA,2016-01-07,2016-02-04,35,Intermittent,28,1,MI_MLP_Top10,26.0,16.001370476486553
FOODS_3_064,FOODS_3,FOODS,CA_1,CA,2016-01-08,2016-02-05,25,Intermittent,28,1,MI_MLP_Top10,31.0,17.811524375484478
FOODS_3_064,FOODS_3,FOODS,CA_1,CA,2016-01-09,2016-02-06,31,Intermittent,28,1,MI_MLP_Top10,35.0,29.539210035657085
FOODS_3_064,FOODS_3,FOODS,CA_1,CA,2016-01-10,2016-02-07,30,Intermittent,28,1,MI_MLP_Top10,23.0,23.54785313417962
FOODS_3_064,FOODS_3,FOODS,CA_1,CA,2016-01-11,2016-02-08,16,Intermittent,28,1,MI_MLP_Top10,23.0,18.72594280680177
FOODS_3_064,FOODS_3,FOODS,CA_1,CA,2016-01-12,2016-02-09,15,Intermittent,28,1,MI_MLP_Top10,30.0,17.06875332181111
FOODS_3_064,FOODS_3,FOODS,CA_1,CA,2016-01-13,2016-02-10,18,Intermittent,28,1,MI_MLP_Top10,20.0,16.952800297217614
FOODS_3_064,FOODS_3,FOODS,CA_1,CA,2016-01-14,2016-02-11,11,Intermittent,28,1,MI_MLP_Top10,36.0,19.193082182899786
FOODS_3_064,FOODS_3,FOODS,CA_1,CA,2016-01-15,2016-02-12,30,Intermittent,28,1,MI_MLP_Top10,25.0,17.712756470387436
FOODS_3_064,FOODS_3,FOODS,CA_1,CA,2016-01-16,2016-02-13,40,Intermittent,28,1,MI_MLP_Top10,29.0,28.341803666703385
FOODS_3_064,FOODS_3,FOODS,CA_1,CA,2016-01-17,2016-02-14,24,Intermittent,28,1,MI_MLP_Top10,27.0,25.711303662654547
FOODS_3_064,FOODS_3,FOODS,CA_1,CA,2016-01-18,2016-02-15,27,Intermittent,28,1,MI_MLP_Top10,31.0,18.71949857032739
FOODS_3_064,FOODS_3,FOODS,CA_1,CA,2016-01-19,2016-02-16,11,Intermittent,28,1,MI_MLP_Top10,36.0,20.30389657728072
FOODS_3_064,FOODS_3,FOODS,CA_1,CA,2016-01-20,2016-02-17,20,Intermittent,28,1,MI_MLP_Top10,17.0,16.846026420492212
FOODS_3_064,FOODS_3,FOODS,CA_1,CA,2016-01-21,2016-02-18,17,Intermittent,28,1,MI_MLP_Top10,22.0,18.5793915427272
FOODS_3_064,FOODS_3,FOODS,CA_1,CA,2016-01-22,2016-02-19,10,Intermittent,28,1,MI_MLP_Top10,25.0,19.771529303641323
FOODS_3_064,FOODS_3,FOODS,CA_1,CA,2016-01-23,2016-02-20,18,Intermittent,28,1,MI_MLP_Top10,45.0,26.391097514267287
FOODS_3_086,FOODS_3,FOODS,CA_1,CA,2016-01-04,2016-02-01,5,Erratic,28,1,MI_MLP_Top10,8.0,11.09626143528922
FOODS_3_086,FOODS_3,FOODS,CA_1,CA,2016-01-05,2016-02-02,7,Erratic,28,1,MI_MLP_Top10,10.0,9.664763211138393
FOODS_3_086,FOODS_3,FOODS,CA_1,CA,2016-01-06,2016-02-03,16,Erratic,28,1,MI_MLP_Top10,11.0,10.756614361430742
FOODS_3_086,FOODS_3,FOODS,CA_1,CA,2016-01-07,2016-02-04,10,Erratic,28,1,MI_MLP_Top10,9.0,14.824260867720353
FOODS_3_086,FOODS_3,FOODS,CA_1,CA,2016-01-08,2016-02-05,4,Erratic,28,1,MI_MLP_Top10,3.0,9.110457255796945
FOODS_3_086,FOODS_3,FOODS,CA_1,CA,2016-01-09,2016-02-06,16,Erratic,28,1,MI_MLP_Top10,8.0,8.587430405508746
FOODS_3_086,FOODS_3,FOODS,CA_1,CA,2016-01-10,2016-02-07,17,Erratic,28,1,MI_MLP_Top10,5.0,11.267987388494292
FOODS_3_086,FOODS_3,FOODS,CA_1,CA,2016-01-11,2016-02-08,12,Erratic,28,1,MI_MLP_Top10,4.0,9.314430609619814
FOODS_3_086,FOODS_3,FOODS,CA_1,CA,2016-01-12,2016-02-09,8,Erratic,28,1,MI_MLP_Top10,3.0,9.442702959121075
FOODS_3_086,FOODS_3,FOODS,CA_1,CA,2016-01-13,2016-02-10,5,Erratic,28,1,MI_MLP_Top10,5.0,11.675382896155158
FOODS_3_086,FOODS_3,FOODS,CA_1,CA,2016-01-14,2016-02-11,3,Erratic,28,1,MI_MLP_Top10,7.0,9.90845965601567
FOODS_3_086,FOODS_3,FOODS,CA_1,CA,2016-01-15,2016-02-12,11,Erratic,28,1,MI_MLP_Top10,4.0,8.895614364977389
FOODS_3_086,FOODS_3,FOODS,CA_1,CA,2016-01-16,2016-02-13,11,Erratic,28,1,MI_MLP_Top10,2.0,11.789104692902596
FOODS_3_086,FOODS_3,FOODS,CA_1,CA,2016-01-17,2016-02-14,12,Erratic,28,1,MI_MLP_Top10,9.0,14.220908373785791
FOODS_3_086,FOODS_3,FOODS,CA_1,CA,2016-01-18,2016-02-15,14,Erratic,28,1,MI_MLP_Top10,1.0,9.781449032517923
FOODS_3_086,FOODS_3,FOODS,CA_1,CA,2016-01-19,2016-02-16,7,Erratic,28,1,MI_MLP_Top10,1.0,9.975534840369411
FOODS_3_086,FOODS_3,FOODS,CA_1,CA,2016-01-20,2016-02-17,10,Erratic,28,1,MI_MLP_Top10,1.0,10.368625460412808
FOODS_3_086,FOODS_3,FOODS,CA_1,CA,2016-01-21,2016-02-18,15,Erratic,28,1,MI_MLP_Top10,3.0,10.443356906657636
FOODS_3_086,FOODS_3,FOODS,CA_1,CA,2016-01-22,2016-02-19,9,Erratic,28,1,MI_MLP_Top10,8.0,10.299409877075691
FOODS_3_086,FOODS_3,FOODS,CA_1,CA,2016-01-23,2016-02-20,13,Erratic,28,1,MI_MLP_Top10,2.0,10.663745481126535
FOODS_3_007,FOODS_3,FOODS,TX_1,TX,2016-02-01,2016-02-29,6,Lumpy,28,2,Ridge_All,0.0,4.689077879970052
FOODS_3_007,FOODS_3,FOODS,TX_1,TX,2016-02-02,2016-03-01,6,Lumpy,28,2,Ridge_All,0.0,4.495864448949634
FOODS_3_007,FOODS_3,FOODS,TX_1,TX,2016-02-03,2016-03-02,0,Lumpy,28,2,Ridge_All,0.0,4.5838123855974064
FOODS_3_007,FOODS_3,FOODS,TX_1,TX,2016-02-04,2016-03-03,0,Lumpy,28,2,Ridge_All,15.0,5.438159878678485
FOODS_3_007,FOODS_3,FOODS,TX_1,TX,2016-02-05,2016-03-04,16,Lumpy,28,2,Ridge_All,5.0,6.8419788422469585
FOODS_3_007,FOODS_3,FOODS,TX_1,TX,2016-02-06,2016-03-05,10,Lumpy,28,2,Ridge_All,0.0,13.981009600715662
FOODS_3_007,FOODS_3,FOODS,TX_1,TX,2016-02-07,2016-03-06,6,Lumpy,28,2,Ridge_All,0.0,11.362858038411957
FOODS_3_007,FOODS_3,FOODS,TX_1,TX,2016-02-08,2016-03-07,5,Lumpy,28,2,Ridge_All,2.0,6.401362014351426
FOODS_3_007,FOODS_3,FOODS,TX_1,TX,2016-02-09,2016-03-08,29,Lumpy,28,2,Ridge_All,2.0,7.218752269889007
FOODS_3_007,FOODS_3,FOODS,TX_1,TX,2016-02-10,2016-03-09,3,Lumpy,28,2,Ridge_All,5.0,7.914939389788314
FOODS_3_007,FOODS_3,FOODS,TX_1,TX,2016-02-11,2016-03-10,0,Lumpy,28,2,Ridge_All,2.0,5.618079218643443
FOODS_3_007,FOODS_3,FOODS,TX_1,TX,2016-02-12,2016-03-11,0,Lumpy,28,2,Ridge_All,1.0,9.033441197996655
FOODS_3_007,FOODS_3,FOODS,TX_1,TX,2016-02-13,2016-03-12,12,Lumpy,28,2,Ridge_All,1.0,10.843895990524128
FOODS_3_007,FOODS_3,FOODS,TX_1,TX,2016-02-14,2016-03-13,4,Lumpy,28,2,Ridge_All,3.0,9.452291003973615
FOODS_3_007,FOODS_3,FOODS,TX_1,TX,2016-02-15,2016-03-14,5,Lumpy,28,2,Ridge_All,6.0,5.795919921989535
FOODS_3_007,FOODS_3,FOODS,TX_1,TX,2016-02-16,2016-03-15,13,Lumpy,28,2,Ridge_All,10.0,6.520546823025189
FOODS_3_007,FOODS_3,FOODS,TX_1,TX,2016-02-17,2016-03-16,2,Lumpy,28,2,Ridge_All,6.0,5.5318839426687525
FOODS_3_007,FOODS_3,FOODS,TX_1,TX,2016-02-18,2016-03-17,18,Lumpy,28,2,Ridge_All,1.0,5.444534264614047
FOODS_3_007,FOODS_3,FOODS,TX_1,TX,2016-02-19,2016-03-18,0,Lumpy,28,2,Ridge_All,4.0,9.35797231839268
FOODS_3_007,FOODS_3,FOODS,TX_1,TX,2016-02-20,2016-03-19,1,Lumpy,28,2,Ridge_All,2.0,10.844349406981944
FOODS_3_042,FOODS_3,FOODS,WI_1,WI,2016-02-01,2016-02-29,11,Smooth,28,2,Ridge_All,13.0,11.12388243528133
FOODS_3_042,FOODS_3,FOODS,WI_1,WI,2016-02-02,2016-03-01,8,Smooth,28,2,Ridge_All,8.0,9.495908164812743
FOODS_3_042,FOODS_3,FOODS,WI_1,WI,2016-02-03,2016-03-02,8,Smooth,28,2,Ridge_All,11.0,10.025325515209186
FOODS_3_042,FOODS_3,FOODS,WI_1,WI,2016-02-04,2016-03-03,7,Smooth,28,2,Ridge_All,10.0,10.235845315288392
FOODS_3_042,FOODS_3,FOODS,WI_1,WI,2016-02-05,2016-03-04,19,Smooth,28,2,Ridge_All,11.0,11.756903835280962
FOODS_3_042,FOODS_3,FOODS,WI_1,WI,2016-02-06,2016-03-05,20,Smooth,28,2,Ridge_All,20.0,16.699212916836245
FOODS_3_042,FOODS_3,FOODS,WI_1,WI,2016-02-07,2016-03-06,16,Smooth,28,2,Ridge_All,19.0,17.54459717637214
FOODS_3_042,FOODS_3,FOODS,WI_1,WI,2016-02-08,2016-03-07,8,Smooth,28,2,Ridge_All,11.0,11.209073433043631
FOODS_3_042,FOODS_3,FOODS,WI_1,WI,2016-02-09,2016-03-08,5,Smooth,28,2,Ridge_All,12.0,8.814534366383686
FOODS_3_042,FOODS_3,FOODS,WI_1,WI,2016-02-10,2016-03-09,12,Smooth,28,2,Ridge_All,15.0,8.48679075165781
FOODS_3_042,FOODS_3,FOODS,WI_1,WI,2016-02-11,2016-03-10,19,Smooth,28,2,Ridge_All,14.0,10.577243608446093
FOODS_3_042,FOODS_3,FOODS,WI_1,WI,2016-02-12,2016-03-11,13,Smooth,28,2,Ridge_All,19.0,14.471248248260535
FOODS_3_042,FOODS_3,FOODS,WI_1,WI,2016-02-13,2016-03-12,17,Smooth,28,2,Ridge_All,17.0,16.577008559359626
FOODS_3_042,FOODS_3,FOODS,WI_1,WI,2016-02-14,2016-03-13,18,Smooth,28,2,Ridge_All,14.0,16.158518464451966
FOODS_3_042,FOODS_3,FOODS,WI_1,WI,2016-02-15,2016-03-14,12,Smooth,28,2,Ridge_All,9.0,11.318593210242165
FOODS_3_042,FOODS_3,FOODS,WI_1,WI,2016-02-16,2016-03-15,10,Smooth,28,2,Ridge_All,9.0,9.53495886938498
FOODS_3_042,FOODS_3,FOODS,WI_1,WI,2016-02-17,2016-03-16,11,Smooth,28,2,Ridge_All,11.0,10.806718884339354
FOODS_3_042,FOODS_3,FOODS,WI_1,WI,2016-02-18,2016-03-17,11,Smooth,28,2,Ridge_All,10.0,11.568213857261494
FOODS_3_042,FOODS_3,FOODS,WI_1,WI,2016-02-19,2016-03-18,10,Smooth,28,2,Ridge_All,12.0,13.10948748253362
FOODS_3_042,FOODS_3,FOODS,WI_1,WI,2016-02-20,2016-03-19,16,Smooth,28,2,Ridge_All,16.0,16.393253916887396
FOODS_3_064,FOODS_3,FOODS,CA_1,CA,2016-02-01,2016-02-29,18,Intermittent,28,2,Ridge_All,25.0,20.872207968381577
FOODS_3_064,FOODS_3,FOODS,CA_1,CA,2016-02-02,2016-03-01,19,Intermittent,28,2,Ridge_All,35.0,17.040043922473306
FOODS_3_064,FOODS_3,FOODS,CA_1,CA,2016-02-03,2016-03-02,15,Intermittent,28,2,Ridge_All,23.0,17.78804225877423
FOODS_3_064,FOODS_3,FOODS,CA_1,CA,2016-02-04,2016-03-03,26,Intermittent,28,2,Ridge_All,15.0,19.400384439107906
FOODS_3_064,FOODS_3,FOODS,CA_1,CA,2016-02-05,2016-03-04,31,Intermittent,28,2,Ridge_All,34.0,20.5925120439136
FOODS_3_064,FOODS_3,FOODS,CA_1,CA,2016-02-06,2016-03-05,35,Intermittent,28,2,Ridge_All,24.0,25.202443849686816
FOODS_3_064,FOODS_3,FOODS,CA_1,CA,2016-02-07,2016-03-06,23,Intermittent,28,2,Ridge_All,36.0,27.0689860944518
FOODS_3_064,FOODS_3,FOODS,CA_1,CA,2016-02-08,2016-03-07,23,Intermittent,28,2,Ridge_All,20.0,17.93018032279021
FOODS_3_064,FOODS_3,FOODS,CA_1,CA,2016-02-09,2016-03-08,30,Intermittent,28,2,Ridge_All,20.0,17.4438315844329
FOODS_3_064,FOODS_3,FOODS,CA_1,CA,2016-02-10,2016-03-09,20,Intermittent,28,2,Ridge_All,17.0,19.089940369795286
FOODS_3_064,FOODS_3,FOODS,CA_1,CA,2016-02-11,2016-03-10,36,Intermittent,28,2,Ridge_All,18.0,19.347403919024455
FOODS_3_064,FOODS_3,FOODS,CA_1,CA,2016-02-12,2016-03-11,25,Intermittent,28,2,Ridge_All,22.0,24.596674147007427
FOODS_3_064,FOODS_3,FOODS,CA_1,CA,2016-02-13,2016-03-12,29,Intermittent,28,2,Ridge_All,34.0,26.900623334506854
FOODS_3_064,FOODS_3,FOODS,CA_1,CA,2016-02-14,2016-03-13,27,Intermittent,28,2,Ridge_All,28.0,24.883107604894455
FOODS_3_064,FOODS_3,FOODS,CA_1,CA,2016-02-15,2016-03-14,31,Intermittent,28,2,Ridge_All,16.0,20.446652332136413
FOODS_3_064,FOODS_3,FOODS,CA_1,CA,2016-02-16,2016-03-15,36,Intermittent,28,2,Ridge_All,22.0,20.177192424843025
FOODS_3_064,FOODS_3,FOODS,CA_1,CA,2016-02-17,2016-03-16,17,Intermittent,28,2,Ridge_All,22.0,20.590990703168877
FOODS_3_064,FOODS_3,FOODS,CA_1,CA,2016-02-18,2016-03-17,22,Intermittent,28,2,Ridge_All,15.0,20.410425693825456
FOODS_3_064,FOODS_3,FOODS,CA_1,CA,2016-02-19,2016-03-18,25,Intermittent,28,2,Ridge_All,30.0,20.70046862287921
FOODS_3_064,FOODS_3,FOODS,CA_1,CA,2016-02-20,2016-03-19,45,Intermittent,28,2,Ridge_All,29.0,25.082632377542595
FOODS_3_086,FOODS_3,FOODS,CA_1,CA,2016-02-01,2016-02-29,8,Erratic,28,2,Ridge_All,2.0,8.842647849465699
FOODS_3_086,FOODS_3,FOODS,CA_1,CA,2016-02-02,2016-03-01,10,Erratic,28,2,Ridge_All,3.0,7.757478739957843
FOODS_3_086,FOODS_3,FOODS,CA_1,CA,2016-02-03,2016-03-02,11,Erratic,28,2,Ridge_All,8.0,8.566455576835072
FOODS_3_086,FOODS_3,FOODS,CA_1,CA,2016-02-04,2016-03-03,9,Erratic,28,2,Ridge_All,3.0,9.647818136383107
FOODS_3_086,FOODS_3,FOODS,CA_1,CA,2016-02-05,2016-03-04,3,Erratic,28,2,Ridge_All,5.0,9.49762151572834
FOODS_3_086,FOODS_3,FOODS,CA_1,CA,2016-02-06,2016-03-05,8,Erratic,28,2,Ridge_All,5.0,13.395676906809147
FOODS_3_086,FOODS_3,FOODS,CA_1,CA,2016-02-07,2016-03-06,5,Erratic,28,2,Ridge_All,7.0,14.998336268575631
FOODS_3_086,FOODS_3,FOODS,CA_1,CA,2016-02-08,2016-03-07,4,Erratic,28,2,Ridge_All,4.0,7.9863574575904535
FOODS_3_086,FOODS_3,FOODS,CA_1,CA,2016-02-09,2016-03-08,3,Erratic,28,2,Ridge_All,0.0,7.053865239637208
FOODS_3_086,FOODS_3,FOODS,CA_1,CA,2016-02-10,2016-03-09,5,Erratic,28,2,Ridge_All,3.0,6.363159436300272
FOODS_3_086,FOODS_3,FOODS,CA_1,CA,2016-02-11,2016-03-10,7,Erratic,28,2,Ridge_All,4.0,6.8447047666381415
FOODS_3_086,FOODS_3,FOODS,CA_1,CA,2016-02-12,2016-03-11,4,Erratic,28,2,Ridge_All,8.0,8.082902669901708
FOODS_3_086,FOODS_3,FOODS,CA_1,CA,2016-02-13,2016-03-12,2,Erratic,28,2,Ridge_All,3.0,11.483698000534325
FOODS_3_086,FOODS_3,FOODS,CA_1,CA,2016-02-14,2016-03-13,9,Erratic,28,2,Ridge_All,8.0,9.98776685055743
FOODS_3_086,FOODS_3,FOODS,CA_1,CA,2016-02-15,2016-03-14,1,Erratic,28,2,Ridge_All,3.0,7.1510803884637255
FOODS_3_086,FOODS_3,FOODS,CA_1,CA,2016-02-16,2016-03-15,1,Erratic,28,2,Ridge_All,2.0,5.059478427539707
FOODS_3_086,FOODS_3,FOODS,CA_1,CA,2016-02-17,2016-03-16,1,Erratic,28,2,Ridge_All,3.0,5.531808987476079
FOODS_3_086,FOODS_3,FOODS,CA_1,CA,2016-02-18,2016-03-17,3,Erratic,28,2,Ridge_All,5.0,6.427091062362441
FOODS_3_086,FOODS_3,FOODS,CA_1,CA,2016-02-19,2016-03-18,8,Erratic,28,2,Ridge_All,4.0,6.487239845835717
FOODS_3_086,FOODS_3,FOODS,CA_1,CA,2016-02-20,2016-03-19,2,Erratic,28,2,Ridge_All,3.0,10.215294915741865
FOODS_3_007,FOODS_3,FOODS,TX_1,TX,2016-02-01,2016-02-29,6,Lumpy,28,2,Boosting_All,0.0,5.311196873253377
FOODS_3_007,FOODS_3,FOODS,TX_1,TX,2016-02-02,2016-03-01,6,Lumpy,28,2,Boosting_All,0.0,5.846877730202226
FOODS_3_007,FOODS_3,FOODS,TX_1,TX,2016-02-03,2016-03-02,0,Lumpy,28,2,Boosting_All,0.0,6.199891787377619
FOODS_3_007,FOODS_3,FOODS,TX_1,TX,2016-02-04,2016-03-03,0,Lumpy,28,2,Boosting_All,15.0,5.669078118825422
FOODS_3_007,FOODS_3,FOODS,TX_1,TX,2016-02-05,2016-03-04,16,Lumpy,28,2,Boosting_All,5.0,6.323899965579367
FOODS_3_007,FOODS_3,FOODS,TX_1,TX,2016-02-06,2016-03-05,10,Lumpy,28,2,Boosting_All,0.0,9.27005804642885
FOODS_3_007,FOODS_3,FOODS,TX_1,TX,2016-02-07,2016-03-06,6,Lumpy,28,2,Boosting_All,0.0,8.171884703244844
FOODS_3_007,FOODS_3,FOODS,TX_1,TX,2016-02-08,2016-03-07,5,Lumpy,28,2,Boosting_All,2.0,6.941634277773271
FOODS_3_007,FOODS_3,FOODS,TX_1,TX,2016-02-09,2016-03-08,29,Lumpy,28,2,Boosting_All,2.0,6.643938841345278
FOODS_3_007,FOODS_3,FOODS,TX_1,TX,2016-02-10,2016-03-09,3,Lumpy,28,2,Boosting_All,5.0,8.366978513922655
FOODS_3_007,FOODS_3,FOODS,TX_1,TX,2016-02-11,2016-03-10,0,Lumpy,28,2,Boosting_All,2.0,7.019074017294433
FOODS_3_007,FOODS_3,FOODS,TX_1,TX,2016-02-12,2016-03-11,0,Lumpy,28,2,Boosting_All,1.0,8.564711171928396
FOODS_3_007,FOODS_3,FOODS,TX_1,TX,2016-02-13,2016-03-12,12,Lumpy,28,2,Boosting_All,1.0,8.671787996462006
FOODS_3_007,FOODS_3,FOODS,TX_1,TX,2016-02-14,2016-03-13,4,Lumpy,28,2,Boosting_All,3.0,9.373009504829293
FOODS_3_007,FOODS_3,FOODS,TX_1,TX,2016-02-15,2016-03-14,5,Lumpy,28,2,Boosting_All,6.0,7.558277635554389
FOODS_3_007,FOODS_3,FOODS,TX_1,TX,2016-02-16,2016-03-15,13,Lumpy,28,2,Boosting_All,10.0,7.728855365216136
FOODS_3_007,FOODS_3,FOODS,TX_1,TX,2016-02-17,2016-03-16,2,Lumpy,28,2,Boosting_All,6.0,6.269261765375322
FOODS_3_007,FOODS_3,FOODS,TX_1,TX,2016-02-18,2016-03-17,18,Lumpy,28,2,Boosting_All,1.0,5.752123966053639
FOODS_3_007,FOODS_3,FOODS,TX_1,TX,2016-02-19,2016-03-18,0,Lumpy,28,2,Boosting_All,4.0,7.567933550309395
FOODS_3_007,FOODS_3,FOODS,TX_1,TX,2016-02-20,2016-03-19,1,Lumpy,28,2,Boosting_All,2.0,8.186978653490536
FOODS_3_042,FOODS_3,FOODS,WI_1,WI,2016-02-01,2016-02-29,11,Smooth,28,2,Boosting_All,13.0,9.501546382076414
FOODS_3_042,FOODS_3,FOODS,WI_1,WI,2016-02-02,2016-03-01,8,Smooth,28,2,Boosting_All,8.0,9.401696612527454
FOODS_3_042,FOODS_3,FOODS,WI_1,WI,2016-02-03,2016-03-02,8,Smooth,28,2,Boosting_All,11.0,9.474973919347708
FOODS_3_042,FOODS_3,FOODS,WI_1,WI,2016-02-04,2016-03-03,7,Smooth,28,2,Boosting_All,10.0,10.132577234317191
FOODS_3_042,FOODS_3,FOODS,WI_1,WI,2016-02-05,2016-03-04,19,Smooth,28,2,Boosting_All,11.0,11.38945106928357
FOODS_3_042,FOODS_3,FOODS,WI_1,WI,2016-02-06,2016-03-05,20,Smooth,28,2,Boosting_All,20.0,16.059145705324614
FOODS_3_042,FOODS_3,FOODS,WI_1,WI,2016-02-07,2016-03-06,16,Smooth,28,2,Boosting_All,19.0,15.082824818425877
FOODS_3_042,FOODS_3,FOODS,WI_1,WI,2016-02-08,2016-03-07,8,Smooth,28,2,Boosting_All,11.0,10.750270753966712
FOODS_3_042,FOODS_3,FOODS,WI_1,WI,2016-02-09,2016-03-08,5,Smooth,28,2,Boosting_All,12.0,9.849406412262331
FOODS_3_042,FOODS_3,FOODS,WI_1,WI,2016-02-10,2016-03-09,12,Smooth,28,2,Boosting_All,15.0,9.504642452559223
FOODS_3_042,FOODS_3,FOODS,WI_1,WI,2016-02-11,2016-03-10,19,Smooth,28,2,Boosting_All,14.0,10.882305286522497
FOODS_3_042,FOODS_3,FOODS,WI_1,WI,2016-02-12,2016-03-11,13,Smooth,28,2,Boosting_All,19.0,13.881151463411635
FOODS_3_042,FOODS_3,FOODS,WI_1,WI,2016-02-13,2016-03-12,17,Smooth,28,2,Boosting_All,17.0,16.59522998438326
FOODS_3_042,FOODS_3,FOODS,WI_1,WI,2016-02-14,2016-03-13,18,Smooth,28,2,Boosting_All,14.0,16.10110710008438
FOODS_3_042,FOODS_3,FOODS,WI_1,WI,2016-02-15,2016-03-14,12,Smooth,28,2,Boosting_All,9.0,11.324942681571207
FOODS_3_042,FOODS_3,FOODS,WI_1,WI,2016-02-16,2016-03-15,10,Smooth,28,2,Boosting_All,9.0,10.349641693564035
FOODS_3_042,FOODS_3,FOODS,WI_1,WI,2016-02-17,2016-03-16,11,Smooth,28,2,Boosting_All,11.0,10.681040000838731
FOODS_3_042,FOODS_3,FOODS,WI_1,WI,2016-02-18,2016-03-17,11,Smooth,28,2,Boosting_All,10.0,11.500524978146839
FOODS_3_042,FOODS_3,FOODS,WI_1,WI,2016-02-19,2016-03-18,10,Smooth,28,2,Boosting_All,12.0,13.490644009282835
FOODS_3_042,FOODS_3,FOODS,WI_1,WI,2016-02-20,2016-03-19,16,Smooth,28,2,Boosting_All,16.0,16.563513710260025
FOODS_3_064,FOODS_3,FOODS,CA_1,CA,2016-02-01,2016-02-29,18,Intermittent,28,2,Boosting_All,25.0,19.089606173636664
FOODS_3_064,FOODS_3,FOODS,CA_1,CA,2016-02-02,2016-03-01,19,Intermittent,28,2,Boosting_All,35.0,17.708831363878314
FOODS_3_064,FOODS_3,FOODS,CA_1,CA,2016-02-03,2016-03-02,15,Intermittent,28,2,Boosting_All,23.0,18.09167386985352
FOODS_3_064,FOODS_3,FOODS,CA_1,CA,2016-02-04,2016-03-03,26,Intermittent,28,2,Boosting_All,15.0,19.231756142110356
FOODS_3_064,FOODS_3,FOODS,CA_1,CA,2016-02-05,2016-03-04,31,Intermittent,28,2,Boosting_All,34.0,22.90067858060193
FOODS_3_064,FOODS_3,FOODS,CA_1,CA,2016-02-06,2016-03-05,35,Intermittent,28,2,Boosting_All,24.0,27.609726929756473
FOODS_3_064,FOODS_3,FOODS,CA_1,CA,2016-02-07,2016-03-06,23,Intermittent,28,2,Boosting_All,36.0,30.15975726160447
FOODS_3_064,FOODS_3,FOODS,CA_1,CA,2016-02-08,2016-03-07,23,Intermittent,28,2,Boosting_All,20.0,19.969740456940123
FOODS_3_064,FOODS_3,FOODS,CA_1,CA,2016-02-09,2016-03-08,30,Intermittent,28,2,Boosting_All,20.0,19.811439387551168
FOODS_3_064,FOODS_3,FOODS,CA_1,CA,2016-02-10,2016-03-09,20,Intermittent,28,2,Boosting_All,17.0,19.695894850430626
FOODS_3_064,FOODS_3,FOODS,CA_1,CA,2016-02-11,2016-03-10,36,Intermittent,28,2,Boosting_All,18.0,19.30630437707253
FOODS_3_064,FOODS_3,FOODS,CA_1,CA,2016-02-12,2016-03-11,25,Intermittent,28,2,Boosting_All,22.0,26.086984595450353
FOODS_3_064,FOODS_3,FOODS,CA_1,CA,2016-02-13,2016-03-12,29,Intermittent,28,2,Boosting_All,34.0,29.61040795542444
FOODS_3_064,FOODS_3,FOODS,CA_1,CA,2016-02-14,2016-03-13,27,Intermittent,28,2,Boosting_All,28.0,28.156317188457702
FOODS_3_064,FOODS_3,FOODS,CA_1,CA,2016-02-15,2016-03-14,31,Intermittent,28,2,Boosting_All,16.0,22.122672236965418
FOODS_3_064,FOODS_3,FOODS,CA_1,CA,2016-02-16,2016-03-15,36,Intermittent,28,2,Boosting_All,22.0,22.13710914256182
FOODS_3_064,FOODS_3,FOODS,CA_1,CA,2016-02-17,2016-03-16,17,Intermittent,28,2,Boosting_All,22.0,23.0252700467768
FOODS_3_064,FOODS_3,FOODS,CA_1,CA,2016-02-18,2016-03-17,22,Intermittent,28,2,Boosting_All,15.0,20.493110388074403
FOODS_3_064,FOODS_3,FOODS,CA_1,CA,2016-02-19,2016-03-18,25,Intermittent,28,2,Boosting_All,30.0,23.45887577414791
FOODS_3_064,FOODS_3,FOODS,CA_1,CA,2016-02-20,2016-03-19,45,Intermittent,28,2,Boosting_All,29.0,29.59023669762225
FOODS_3_086,FOODS_3,FOODS,CA_1,CA,2016-02-01,2016-02-29,8,Erratic,28,2,Boosting_All,2.0,7.802167729962392
FOODS_3_086,FOODS_3,FOODS,CA_1,CA,2016-02-02,2016-03-01,10,Erratic,28,2,Boosting_All,3.0,7.419010404995559
FOODS_3_086,FOODS_3,FOODS,CA_1,CA,2016-02-03,2016-03-02,11,Erratic,28,2,Boosting_All,8.0,8.298992701031032
FOODS_3_086,FOODS_3,FOODS,CA_1,CA,2016-02-04,2016-03-03,9,Erratic,28,2,Boosting_All,3.0,8.26977837864769
FOODS_3_086,FOODS_3,FOODS,CA_1,CA,2016-02-05,2016-03-04,3,Erratic,28,2,Boosting_All,5.0,9.071074519535378
FOODS_3_086,FOODS_3,FOODS,CA_1,CA,2016-02-06,2016-03-05,8,Erratic,28,2,Boosting_All,5.0,12.44218588328691
FOODS_3_086,FOODS_3,FOODS,CA_1,CA,2016-02-07,2016-03-06,5,Erratic,28,2,Boosting_All,7.0,11.957701646331904
FOODS_3_086,FOODS_3,FOODS,CA_1,CA,2016-02-08,2016-03-07,4,Erratic,28,2,Boosting_All,4.0,7.36807200747717
FOODS_3_086,FOODS_3,FOODS,CA_1,CA,2016-02-09,2016-03-08,3,Erratic,28,2,Boosting_All,0.0,6.614993467957363
FOODS_3_086,FOODS_3,FOODS,CA_1,CA,2016-02-10,2016-03-09,5,Erratic,28,2,Boosting_All,3.0,6.357112948488806
FOODS_3_086,FOODS_3,FOODS,CA_1,CA,2016-02-11,2016-03-10,7,Erratic,28,2,Boosting_All,4.0,6.384939094897526
FOODS_3_086,FOODS_3,FOODS,CA_1,CA,2016-02-12,2016-03-11,4,Erratic,28,2,Boosting_All,8.0,7.7684722903963035
FOODS_3_086,FOODS_3,FOODS,CA_1,CA,2016-02-13,2016-03-12,2,Erratic,28,2,Boosting_All,3.0,9.44040346836916
FOODS_3_086,FOODS_3,FOODS,CA_1,CA,2016-02-14,2016-03-13,9,Erratic,28,2,Boosting_All,8.0,7.8452555820951275
FOODS_3_086,FOODS_3,FOODS,CA_1,CA,2016-02-15,2016-03-14,1,Erratic,28,2,Boosting_All,3.0,7.308978699563715
FOODS_3_086,FOODS_3,FOODS,CA_1,CA,2016-02-16,2016-03-15,1,Erratic,28,2,Boosting_All,2.0,5.5266432133278425
FOODS_3_086,FOODS_3,FOODS,CA_1,CA,2016-02-17,2016-03-16,1,Erratic,28,2,Boosting_All,3.0,5.4014964670682275
FOODS_3_086,FOODS_3,FOODS,CA_1,CA,2016-02-18,2016-03-17,3,Erratic,28,2,Boosting_All,5.0,5.930901339901958
FOODS_3_086,FOODS_3,FOODS,CA_1,CA,2016-02-19,2016-03-18,8,Erratic,28,2,Boosting_All,4.0,5.9799429062939105
FOODS_3_086,FOODS_3,FOODS,CA_1,CA,2016-02-20,2016-03-19,2,Erratic,28,2,Boosting_All,3.0,8.348798628742065
FOODS_3_007,FOODS_3,FOODS,TX_1,TX,2016-02-01,2016-02-29,6,Lumpy,28,2,MLP_All,0.0,3.5135716849125416
FOODS_3_007,FOODS_3,FOODS,TX_1,TX,2016-02-02,2016-03-01,6,Lumpy,28,2,MLP_All,0.0,3.0395794793524544
FOODS_3_007,FOODS_3,FOODS,TX_1,TX,2016-02-03,2016-03-02,0,Lumpy,28,2,MLP_All,0.0,3.23731866577047
FOODS_3_007,FOODS_3,FOODS,TX_1,TX,2016-02-04,2016-03-03,0,Lumpy,28,2,MLP_All,15.0,1.6384855076728115
FOODS_3_007,FOODS_3,FOODS,TX_1,TX,2016-02-05,2016-03-04,16,Lumpy,28,2,MLP_All,5.0,4.219949880818376
FOODS_3_007,FOODS_3,FOODS,TX_1,TX,2016-02-06,2016-03-05,10,Lumpy,28,2,MLP_All,0.0,9.462642695776257
FOODS_3_007,FOODS_3,FOODS,TX_1,TX,2016-02-07,2016-03-06,6,Lumpy,28,2,MLP_All,0.0,-3.706162086927087
FOODS_3_007,FOODS_3,FOODS,TX_1,TX,2016-02-08,2016-03-07,5,Lumpy,28,2,MLP_All,2.0,3.2872078625862535
FOODS_3_007,FOODS_3,FOODS,TX_1,TX,2016-02-09,2016-03-08,29,Lumpy,28,2,MLP_All,2.0,5.427115539480214
FOODS_3_007,FOODS_3,FOODS,TX_1,TX,2016-02-10,2016-03-09,3,Lumpy,28,2,MLP_All,5.0,0.14849951360324448
FOODS_3_007,FOODS_3,FOODS,TX_1,TX,2016-02-11,2016-03-10,0,Lumpy,28,2,MLP_All,2.0,3.2143553847090907
FOODS_3_007,FOODS_3,FOODS,TX_1,TX,2016-02-12,2016-03-11,0,Lumpy,28,2,MLP_All,1.0,3.8464940609713913
FOODS_3_007,FOODS_3,FOODS,TX_1,TX,2016-02-13,2016-03-12,12,Lumpy,28,2,MLP_All,1.0,6.966113458072986
FOODS_3_007,FOODS_3,FOODS,TX_1,TX,2016-02-14,2016-03-13,4,Lumpy,28,2,MLP_All,3.0,1.8852812956035265
FOODS_3_007,FOODS_3,FOODS,TX_1,TX,2016-02-15,2016-03-14,5,Lumpy,28,2,MLP_All,6.0,4.468788873195422
FOODS_3_007,FOODS_3,FOODS,TX_1,TX,2016-02-16,2016-03-15,13,Lumpy,28,2,MLP_All,10.0,1.5191444476182134
FOODS_3_007,FOODS_3,FOODS,TX_1,TX,2016-02-17,2016-03-16,2,Lumpy,28,2,MLP_All,6.0,-0.8388441929019201
FOODS_3_007,FOODS_3,FOODS,TX_1,TX,2016-02-18,2016-03-17,18,Lumpy,28,2,MLP_All,1.0,3.04604358479569
FOODS_3_007,FOODS_3,FOODS,TX_1,TX,2016-02-19,2016-03-18,0,Lumpy,28,2,MLP_All,4.0,0.028414023954823564
FOODS_3_007,FOODS_3,FOODS,TX_1,TX,2016-02-20,2016-03-19,1,Lumpy,28,2,MLP_All,2.0,3.0982358667153242
FOODS_3_042,FOODS_3,FOODS,WI_1,WI,2016-02-01,2016-02-29,11,Smooth,28,2,MLP_All,13.0,10.553511733370396
FOODS_3_042,FOODS_3,FOODS,WI_1,WI,2016-02-02,2016-03-01,8,Smooth,28,2,MLP_All,8.0,10.792418206178622
FOODS_3_042,FOODS_3,FOODS,WI_1,WI,2016-02-03,2016-03-02,8,Smooth,28,2,MLP_All,11.0,11.495740725522218
FOODS_3_042,FOODS_3,FOODS,WI_1,WI,2016-02-04,2016-03-03,7,Smooth,28,2,MLP_All,10.0,13.161198491376016
FOODS_3_042,FOODS_3,FOODS,WI_1,WI,2016-02-05,2016-03-04,19,Smooth,28,2,MLP_All,11.0,15.355342646937466
FOODS_3_042,FOODS_3,FOODS,WI_1,WI,2016-02-06,2016-03-05,20,Smooth,28,2,MLP_All,20.0,17.99979422064421
FOODS_3_042,FOODS_3,FOODS,WI_1,WI,2016-02-07,2016-03-06,16,Smooth,28,2,MLP_All,19.0,14.309845080001889
FOODS_3_042,FOODS_3,FOODS,WI_1,WI,2016-02-08,2016-03-07,8,Smooth,28,2,MLP_All,11.0,10.32973726185294
FOODS_3_042,FOODS_3,FOODS,WI_1,WI,2016-02-09,2016-03-08,5,Smooth,28,2,MLP_All,12.0,10.496466716848662
FOODS_3_042,FOODS_3,FOODS,WI_1,WI,2016-02-10,2016-03-09,12,Smooth,28,2,MLP_All,15.0,10.8898251965701
FOODS_3_042,FOODS_3,FOODS,WI_1,WI,2016-02-11,2016-03-10,19,Smooth,28,2,MLP_All,14.0,12.49443117939156
FOODS_3_042,FOODS_3,FOODS,WI_1,WI,2016-02-12,2016-03-11,13,Smooth,28,2,MLP_All,19.0,14.818663329213017
FOODS_3_042,FOODS_3,FOODS,WI_1,WI,2016-02-13,2016-03-12,17,Smooth,28,2,MLP_All,17.0,17.27672195732266
FOODS_3_042,FOODS_3,FOODS,WI_1,WI,2016-02-14,2016-03-13,18,Smooth,28,2,MLP_All,14.0,13.42333507876096
FOODS_3_042,FOODS_3,FOODS,WI_1,WI,2016-02-15,2016-03-14,12,Smooth,28,2,MLP_All,9.0,9.903903407745283
FOODS_3_042,FOODS_3,FOODS,WI_1,WI,2016-02-16,2016-03-15,10,Smooth,28,2,MLP_All,9.0,10.319906211304353
FOODS_3_042,FOODS_3,FOODS,WI_1,WI,2016-02-17,2016-03-16,11,Smooth,28,2,MLP_All,11.0,11.249198762770716
FOODS_3_042,FOODS_3,FOODS,WI_1,WI,2016-02-18,2016-03-17,11,Smooth,28,2,MLP_All,10.0,12.122352476613633
FOODS_3_042,FOODS_3,FOODS,WI_1,WI,2016-02-19,2016-03-18,10,Smooth,28,2,MLP_All,12.0,14.295386117751137
FOODS_3_042,FOODS_3,FOODS,WI_1,WI,2016-02-20,2016-03-19,16,Smooth,28,2,MLP_All,16.0,16.438591307077093
FOODS_3_064,FOODS_3,FOODS,CA_1,CA,2016-02-01,2016-02-29,18,Intermittent,28,2,MLP_All,25.0,26.67218233687924
FOODS_3_064,FOODS_3,FOODS,CA_1,CA,2016-02-02,2016-03-01,19,Intermittent,28,2,MLP_All,35.0,23.428445653622664
FOODS_3_064,FOODS_3,FOODS,CA_1,CA,2016-02-03,2016-03-02,15,Intermittent,28,2,MLP_All,23.0,23.944395152970866
FOODS_3_064,FOODS_3,FOODS,CA_1,CA,2016-02-04,2016-03-03,26,Intermittent,28,2,MLP_All,15.0,24.40301313109169
FOODS_3_064,FOODS_3,FOODS,CA_1,CA,2016-02-05,2016-03-04,31,Intermittent,28,2,MLP_All,34.0,27.332999323662786
FOODS_3_064,FOODS_3,FOODS,CA_1,CA,2016-02-06,2016-03-05,35,Intermittent,28,2,MLP_All,24.0,30.34962948268542
FOODS_3_064,FOODS_3,FOODS,CA_1,CA,2016-02-07,2016-03-06,23,Intermittent,28,2,MLP_All,36.0,32.23043540665961
FOODS_3_064,FOODS_3,FOODS,CA_1,CA,2016-02-08,2016-03-07,23,Intermittent,28,2,MLP_All,20.0,25.173967950583492
FOODS_3_064,FOODS_3,FOODS,CA_1,CA,2016-02-09,2016-03-08,30,Intermittent,28,2,MLP_All,20.0,24.042272556260293
FOODS_3_064,FOODS_3,FOODS,CA_1,CA,2016-02-10,2016-03-09,20,Intermittent,28,2,MLP_All,17.0,24.453863913183586
FOODS_3_064,FOODS_3,FOODS,CA_1,CA,2016-02-11,2016-03-10,36,Intermittent,28,2,MLP_All,18.0,26.450267698181438
FOODS_3_064,FOODS_3,FOODS,CA_1,CA,2016-02-12,2016-03-11,25,Intermittent,28,2,MLP_All,22.0,29.85589108310645
FOODS_3_064,FOODS_3,FOODS,CA_1,CA,2016-02-13,2016-03-12,29,Intermittent,28,2,MLP_All,34.0,32.85153095626411
FOODS_3_064,FOODS_3,FOODS,CA_1,CA,2016-02-14,2016-03-13,27,Intermittent,28,2,MLP_All,28.0,31.603605267184548
FOODS_3_064,FOODS_3,FOODS,CA_1,CA,2016-02-15,2016-03-14,31,Intermittent,28,2,MLP_All,16.0,26.5767258597279
FOODS_3_064,FOODS_3,FOODS,CA_1,CA,2016-02-16,2016-03-15,36,Intermittent,28,2,MLP_All,22.0,26.035878133639
FOODS_3_064,FOODS_3,FOODS,CA_1,CA,2016-02-17,2016-03-16,17,Intermittent,28,2,MLP_All,22.0,25.263752123857856
FOODS_3_064,FOODS_3,FOODS,CA_1,CA,2016-02-18,2016-03-17,22,Intermittent,28,2,MLP_All,15.0,25.59211840611485
FOODS_3_064,FOODS_3,FOODS,CA_1,CA,2016-02-19,2016-03-18,25,Intermittent,28,2,MLP_All,30.0,29.13534928962232
FOODS_3_064,FOODS_3,FOODS,CA_1,CA,2016-02-20,2016-03-19,45,Intermittent,28,2,MLP_All,29.0,32.62280083912587
FOODS_3_086,FOODS_3,FOODS,CA_1,CA,2016-02-01,2016-02-29,8,Erratic,28,2,MLP_All,2.0,11.630483703951665
FOODS_3_086,FOODS_3,FOODS,CA_1,CA,2016-02-02,2016-03-01,10,Erratic,28,2,MLP_All,3.0,11.859505256477002
FOODS_3_086,FOODS_3,FOODS,CA_1,CA,2016-02-03,2016-03-02,11,Erratic,28,2,MLP_All,8.0,10.542975209673633
FOODS_3_086,FOODS_3,FOODS,CA_1,CA,2016-02-04,2016-03-03,9,Erratic,28,2,MLP_All,3.0,8.712682112407734
FOODS_3_086,FOODS_3,FOODS,CA_1,CA,2016-02-05,2016-03-04,3,Erratic,28,2,MLP_All,5.0,9.176841704192716
FOODS_3_086,FOODS_3,FOODS,CA_1,CA,2016-02-06,2016-03-05,8,Erratic,28,2,MLP_All,5.0,15.492156400233458
FOODS_3_086,FOODS_3,FOODS,CA_1,CA,2016-02-07,2016-03-06,5,Erratic,28,2,MLP_All,7.0,-2.588607680284589
FOODS_3_086,FOODS_3,FOODS,CA_1,CA,2016-02-08,2016-03-07,4,Erratic,28,2,MLP_All,4.0,12.309503251292206
FOODS_3_086,FOODS_3,FOODS,CA_1,CA,2016-02-09,2016-03-08,3,Erratic,28,2,MLP_All,0.0,12.084670072071862
FOODS_3_086,FOODS_3,FOODS,CA_1,CA,2016-02-10,2016-03-09,5,Erratic,28,2,MLP_All,3.0,8.38482801239412
FOODS_3_086,FOODS_3,FOODS,CA_1,CA,2016-02-11,2016-03-10,7,Erratic,28,2,MLP_All,4.0,10.042462653554548
FOODS_3_086,FOODS_3,FOODS,CA_1,CA,2016-02-12,2016-03-11,4,Erratic,28,2,MLP_All,8.0,10.180389956334917
FOODS_3_086,FOODS_3,FOODS,CA_1,CA,2016-02-13,2016-03-12,2,Erratic,28,2,MLP_All,3.0,14.414053562589697
FOODS_3_086,FOODS_3,FOODS,CA_1,CA,2016-02-14,2016-03-13,9,Erratic,28,2,MLP_All,8.0,9.487187930475711
FOODS_3_086,FOODS_3,FOODS,CA_1,CA,2016-02-15,2016-03-14,1,Erratic,28,2,MLP_All,3.0,9.692684604356527
FOODS_3_086,FOODS_3,FOODS,CA_1,CA,2016-02-16,2016-03-15,1,Erratic,28,2,MLP_All,2.0,12.000376629262426
FOODS_3_086,FOODS_3,FOODS,CA_1,CA,2016-02-17,2016-03-16,1,Erratic,28,2,MLP_All,3.0,8.37832198089188
FOODS_3_086,FOODS_3,FOODS,CA_1,CA,2016-02-18,2016-03-17,3,Erratic,28,2,MLP_All,5.0,11.670456486266556
FOODS_3_086,FOODS_3,FOODS,CA_1,CA,2016-02-19,2016-03-18,8,Erratic,28,2,MLP_All,4.0,11.366040218241379
FOODS_3_086,FOODS_3,FOODS,CA_1,CA,2016-02-20,2016-03-19,2,Erratic,28,2,MLP_All,3.0,15.566205808505623
FOODS_3_007,FOODS_3,FOODS,TX_1,TX,2016-02-01,2016-02-29,6,Lumpy,28,2,MI_MLP_Top10,0.0,6.100273013319909
FOODS_3_007,FOODS_3,FOODS,TX_1,TX,2016-02-02,2016-03-01,6,Lumpy,28,2,MI_MLP_Top10,0.0,6.21332246513416
FOODS_3_007,FOODS_3,FOODS,TX_1,TX,2016-02-03,2016-03-02,0,Lumpy,28,2,MI_MLP_Top10,0.0,6.266610394316823
FOODS_3_007,FOODS_3,FOODS,TX_1,TX,2016-02-04,2016-03-03,0,Lumpy,28,2,MI_MLP_Top10,15.0,6.751919983567311
FOODS_3_007,FOODS_3,FOODS,TX_1,TX,2016-02-05,2016-03-04,16,Lumpy,28,2,MI_MLP_Top10,5.0,6.267755464606545
FOODS_3_007,FOODS_3,FOODS,TX_1,TX,2016-02-06,2016-03-05,10,Lumpy,28,2,MI_MLP_Top10,0.0,10.926991165359087
FOODS_3_007,FOODS_3,FOODS,TX_1,TX,2016-02-07,2016-03-06,6,Lumpy,28,2,MI_MLP_Top10,0.0,7.08671884957749
FOODS_3_007,FOODS_3,FOODS,TX_1,TX,2016-02-08,2016-03-07,5,Lumpy,28,2,MI_MLP_Top10,2.0,7.286883955162436
FOODS_3_007,FOODS_3,FOODS,TX_1,TX,2016-02-09,2016-03-08,29,Lumpy,28,2,MI_MLP_Top10,2.0,8.569230830432314
FOODS_3_007,FOODS_3,FOODS,TX_1,TX,2016-02-10,2016-03-09,3,Lumpy,28,2,MI_MLP_Top10,5.0,9.440331216311254
FOODS_3_007,FOODS_3,FOODS,TX_1,TX,2016-02-11,2016-03-10,0,Lumpy,28,2,MI_MLP_Top10,2.0,7.403025726950844
FOODS_3_007,FOODS_3,FOODS,TX_1,TX,2016-02-12,2016-03-11,0,Lumpy,28,2,MI_MLP_Top10,1.0,8.636339017579317
FOODS_3_007,FOODS_3,FOODS,TX_1,TX,2016-02-13,2016-03-12,12,Lumpy,28,2,MI_MLP_Top10,1.0,7.266543794449668
FOODS_3_007,FOODS_3,FOODS,TX_1,TX,2016-02-14,2016-03-13,4,Lumpy,28,2,MI_MLP_Top10,3.0,6.407441092738376
FOODS_3_007,FOODS_3,FOODS,TX_1,TX,2016-02-15,2016-03-14,5,Lumpy,28,2,MI_MLP_Top10,6.0,7.044440846700652
FOODS_3_007,FOODS_3,FOODS,TX_1,TX,2016-02-16,2016-03-15,13,Lumpy,28,2,MI_MLP_Top10,10.0,7.760405389286593
FOODS_3_007,FOODS_3,FOODS,TX_1,TX,2016-02-17,2016-03-16,2,Lumpy,28,2,MI_MLP_Top10,6.0,7.182887255547126
FOODS_3_007,FOODS_3,FOODS,TX_1,TX,2016-02-18,2016-03-17,18,Lumpy,28,2,MI_MLP_Top10,1.0,7.32885301825651
FOODS_3_007,FOODS_3,FOODS,TX_1,TX,2016-02-19,2016-03-18,0,Lumpy,28,2,MI_MLP_Top10,4.0,8.27511339791279
FOODS_3_007,FOODS_3,FOODS,TX_1,TX,2016-02-20,2016-03-19,1,Lumpy,28,2,MI_MLP_Top10,2.0,7.770931988390897
FOODS_3_042,FOODS_3,FOODS,WI_1,WI,2016-02-01,2016-02-29,11,Smooth,28,2,MI_MLP_Top10,13.0,11.5892564122869
FOODS_3_042,FOODS_3,FOODS,WI_1,WI,2016-02-02,2016-03-01,8,Smooth,28,2,MI_MLP_Top10,8.0,10.062614727969596
FOODS_3_042,FOODS_3,FOODS,WI_1,WI,2016-02-03,2016-03-02,8,Smooth,28,2,MI_MLP_Top10,11.0,10.835770742644602
FOODS_3_042,FOODS_3,FOODS,WI_1,WI,2016-02-04,2016-03-03,7,Smooth,28,2,MI_MLP_Top10,10.0,10.056379422252036
FOODS_3_042,FOODS_3,FOODS,WI_1,WI,2016-02-05,2016-03-04,19,Smooth,28,2,MI_MLP_Top10,11.0,11.592795314844292
FOODS_3_042,FOODS_3,FOODS,WI_1,WI,2016-02-06,2016-03-05,20,Smooth,28,2,MI_MLP_Top10,20.0,15.398563612205134
FOODS_3_042,FOODS_3,FOODS,WI_1,WI,2016-02-07,2016-03-06,16,Smooth,28,2,MI_MLP_Top10,19.0,15.279407022926911
FOODS_3_042,FOODS_3,FOODS,WI_1,WI,2016-02-08,2016-03-07,8,Smooth,28,2,MI_MLP_Top10,11.0,11.944104310781869
FOODS_3_042,FOODS_3,FOODS,WI_1,WI,2016-02-09,2016-03-08,5,Smooth,28,2,MI_MLP_Top10,12.0,10.185494396273247
FOODS_3_042,FOODS_3,FOODS,WI_1,WI,2016-02-10,2016-03-09,12,Smooth,28,2,MI_MLP_Top10,15.0,10.328967981298653
FOODS_3_042,FOODS_3,FOODS,WI_1,WI,2016-02-11,2016-03-10,19,Smooth,28,2,MI_MLP_Top10,14.0,11.300285207757803
FOODS_3_042,FOODS_3,FOODS,WI_1,WI,2016-02-12,2016-03-11,13,Smooth,28,2,MI_MLP_Top10,19.0,15.437680325771336
FOODS_3_042,FOODS_3,FOODS,WI_1,WI,2016-02-13,2016-03-12,17,Smooth,28,2,MI_MLP_Top10,17.0,16.1525161161344
FOODS_3_042,FOODS_3,FOODS,WI_1,WI,2016-02-14,2016-03-13,18,Smooth,28,2,MI_MLP_Top10,14.0,15.423108348574276
FOODS_3_042,FOODS_3,FOODS,WI_1,WI,2016-02-15,2016-03-14,12,Smooth,28,2,MI_MLP_Top10,9.0,11.947899614456599
FOODS_3_042,FOODS_3,FOODS,WI_1,WI,2016-02-16,2016-03-15,10,Smooth,28,2,MI_MLP_Top10,9.0,10.410221578471859
FOODS_3_042,FOODS_3,FOODS,WI_1,WI,2016-02-17,2016-03-16,11,Smooth,28,2,MI_MLP_Top10,11.0,11.68485957118239
FOODS_3_042,FOODS_3,FOODS,WI_1,WI,2016-02-18,2016-03-17,11,Smooth,28,2,MI_MLP_Top10,10.0,12.057555839864406
FOODS_3_042,FOODS_3,FOODS,WI_1,WI,2016-02-19,2016-03-18,10,Smooth,28,2,MI_MLP_Top10,12.0,13.220930153062675
FOODS_3_042,FOODS_3,FOODS,WI_1,WI,2016-02-20,2016-03-19,16,Smooth,28,2,MI_MLP_Top10,16.0,16.125069654447593
FOODS_3_064,FOODS_3,FOODS,CA_1,CA,2016-02-01,2016-02-29,18,Intermittent,28,2,MI_MLP_Top10,25.0,21.929067043295166
FOODS_3_064,FOODS_3,FOODS,CA_1,CA,2016-02-02,2016-03-01,19,Intermittent,28,2,MI_MLP_Top10,35.0,17.959220012027274
FOODS_3_064,FOODS_3,FOODS,CA_1,CA,2016-02-03,2016-03-02,15,Intermittent,28,2,MI_MLP_Top10,23.0,17.838742462536047
FOODS_3_064,FOODS_3,FOODS,CA_1,CA,2016-02-04,2016-03-03,26,Intermittent,28,2,MI_MLP_Top10,15.0,21.370300410104704
FOODS_3_064,FOODS_3,FOODS,CA_1,CA,2016-02-05,2016-03-04,31,Intermittent,28,2,MI_MLP_Top10,34.0,20.049389155776677
FOODS_3_064,FOODS_3,FOODS,CA_1,CA,2016-02-06,2016-03-05,35,Intermittent,28,2,MI_MLP_Top10,24.0,24.92830996480005
FOODS_3_064,FOODS_3,FOODS,CA_1,CA,2016-02-07,2016-03-06,23,Intermittent,28,2,MI_MLP_Top10,36.0,26.787151304734536
FOODS_3_064,FOODS_3,FOODS,CA_1,CA,2016-02-08,2016-03-07,23,Intermittent,28,2,MI_MLP_Top10,20.0,18.48392282222307
FOODS_3_064,FOODS_3,FOODS,CA_1,CA,2016-02-09,2016-03-08,30,Intermittent,28,2,MI_MLP_Top10,20.0,18.547165832829357
FOODS_3_064,FOODS_3,FOODS,CA_1,CA,2016-02-10,2016-03-09,20,Intermittent,28,2,MI_MLP_Top10,17.0,19.75009110257267
FOODS_3_064,FOODS_3,FOODS,CA_1,CA,2016-02-11,2016-03-10,36,Intermittent,28,2,MI_MLP_Top10,18.0,19.72981801154549
FOODS_3_064,FOODS_3,FOODS,CA_1,CA,2016-02-12,2016-03-11,25,Intermittent,28,2,MI_MLP_Top10,22.0,28.04945488815544
FOODS_3_064,FOODS_3,FOODS,CA_1,CA,2016-02-13,2016-03-12,29,Intermittent,28,2,MI_MLP_Top10,34.0,31.05096401669978
FOODS_3_064,FOODS_3,FOODS,CA_1,CA,2016-02-14,2016-03-13,27,Intermittent,28,2,MI_MLP_Top10,28.0,25.683046431243394
FOODS_3_064,FOODS_3,FOODS,CA_1,CA,2016-02-15,2016-03-14,31,Intermittent,28,2,MI_MLP_Top10,16.0,22.763526126459094
FOODS_3_064,FOODS_3,FOODS,CA_1,CA,2016-02-16,2016-03-15,36,Intermittent,28,2,MI_MLP_Top10,22.0,22.242035218644734
FOODS_3_064,FOODS_3,FOODS,CA_1,CA,2016-02-17,2016-03-16,17,Intermittent,28,2,MI_MLP_Top10,22.0,21.910570665391923
FOODS_3_064,FOODS_3,FOODS,CA_1,CA,2016-02-18,2016-03-17,22,Intermittent,28,2,MI_MLP_Top10,15.0,23.33381372780172
FOODS_3_064,FOODS_3,FOODS,CA_1,CA,2016-02-19,2016-03-18,25,Intermittent,28,2,MI_MLP_Top10,30.0,21.31816620308995
FOODS_3_064,FOODS_3,FOODS,CA_1,CA,2016-02-20,2016-03-19,45,Intermittent,28,2,MI_MLP_Top10,29.0,25.983812390115414
FOODS_3_086,FOODS_3,FOODS,CA_1,CA,2016-02-01,2016-02-29,8,Erratic,28,2,MI_MLP_Top10,2.0,10.203270265568257
FOODS_3_086,FOODS_3,FOODS,CA_1,CA,2016-02-02,2016-03-01,10,Erratic,28,2,MI_MLP_Top10,3.0,9.35742984494847
FOODS_3_086,FOODS_3,FOODS,CA_1,CA,2016-02-03,2016-03-02,11,Erratic,28,2,MI_MLP_Top10,8.0,10.609153198633996
FOODS_3_086,FOODS_3,FOODS,CA_1,CA,2016-02-04,2016-03-03,9,Erratic,28,2,MI_MLP_Top10,3.0,10.984706606908825
FOODS_3_086,FOODS_3,FOODS,CA_1,CA,2016-02-05,2016-03-04,3,Erratic,28,2,MI_MLP_Top10,5.0,8.843529835290365
FOODS_3_086,FOODS_3,FOODS,CA_1,CA,2016-02-06,2016-03-05,8,Erratic,28,2,MI_MLP_Top10,5.0,12.145538944656693
FOODS_3_086,FOODS_3,FOODS,CA_1,CA,2016-02-07,2016-03-06,5,Erratic,28,2,MI_MLP_Top10,7.0,13.015495321515601
FOODS_3_086,FOODS_3,FOODS,CA_1,CA,2016-02-08,2016-03-07,4,Erratic,28,2,MI_MLP_Top10,4.0,9.448983615399536
FOODS_3_086,FOODS_3,FOODS,CA_1,CA,2016-02-09,2016-03-08,3,Erratic,28,2,MI_MLP_Top10,0.0,9.261318593576586
FOODS_3_086,FOODS_3,FOODS,CA_1,CA,2016-02-10,2016-03-09,5,Erratic,28,2,MI_MLP_Top10,3.0,7.904235847698953
FOODS_3_086,FOODS_3,FOODS,CA_1,CA,2016-02-11,2016-03-10,7,Erratic,28,2,MI_MLP_Top10,4.0,7.655448350630872
FOODS_3_086,FOODS_3,FOODS,CA_1,CA,2016-02-12,2016-03-11,4,Erratic,28,2,MI_MLP_Top10,8.0,7.626911179065204
FOODS_3_086,FOODS_3,FOODS,CA_1,CA,2016-02-13,2016-03-12,2,Erratic,28,2,MI_MLP_Top10,3.0,9.50152346951037
FOODS_3_086,FOODS_3,FOODS,CA_1,CA,2016-02-14,2016-03-13,9,Erratic,28,2,MI_MLP_Top10,8.0,8.13994808605841
FOODS_3_086,FOODS_3,FOODS,CA_1,CA,2016-02-15,2016-03-14,1,Erratic,28,2,MI_MLP_Top10,3.0,8.717491865534663
FOODS_3_086,FOODS_3,FOODS,CA_1,CA,2016-02-16,2016-03-15,1,Erratic,28,2,MI_MLP_Top10,2.0,7.427648523433906
FOODS_3_086,FOODS_3,FOODS,CA_1,CA,2016-02-17,2016-03-16,1,Erratic,28,2,MI_MLP_Top10,3.0,8.011393734798848
FOODS_3_086,FOODS_3,FOODS,CA_1,CA,2016-02-18,2016-03-17,3,Erratic,28,2,MI_MLP_Top10,5.0,8.482033029130836
FOODS_3_086,FOODS_3,FOODS,CA_1,CA,2016-02-19,2016-03-18,8,Erratic,28,2,MI_MLP_Top10,4.0,6.4763425150398195
FOODS_3_086,FOODS_3,FOODS,CA_1,CA,2016-02-20,2016-03-19,2,Erratic,28,2,MI_MLP_Top10,3.0,7.8781184401366815
FOODS_3_007,FOODS_3,FOODS,TX_1,TX,2016-02-29,2016-03-28,0,Lumpy,28,3,Ridge_All,0.0,3.141613617278159
FOODS_3_007,FOODS_3,FOODS,TX_1,TX,2016-03-01,2016-03-29,0,Lumpy,28,3,Ridge_All,2.0,4.308915861362603
FOODS_3_007,FOODS_3,FOODS,TX_1,TX,2016-03-02,2016-03-30,0,Lumpy,28,3,Ridge_All,6.0,6.575721449083514
FOODS_3_007,FOODS_3,FOODS,TX_1,TX,2016-03-03,2016-03-31,15,Lumpy,28,3,Ridge_All,0.0,5.571246640463215
FOODS_3_007,FOODS_3,FOODS,TX_1,TX,2016-03-04,2016-04-01,5,Lumpy,28,3,Ridge_All,1.0,9.282325699629393
FOODS_3_007,FOODS_3,FOODS,TX_1,TX,2016-03-05,2016-04-02,0,Lumpy,28,3,Ridge_All,10.0,9.295047807796067
FOODS_3_007,FOODS_3,FOODS,TX_1,TX,2016-03-06,2016-04-03,0,Lumpy,28,3,Ridge_All,7.0,8.555663691766814
FOODS_3_007,FOODS_3,FOODS,TX_1,TX,2016-03-07,2016-04-04,2,Lumpy,28,3,Ridge_All,4.0,4.202717804621194
FOODS_3_007,FOODS_3,FOODS,TX_1,TX,2016-03-08,2016-04-05,2,Lumpy,28,3,Ridge_All,2.0,5.527181624735498
FOODS_3_007,FOODS_3,FOODS,TX_1,TX,2016-03-09,2016-04-06,5,Lumpy,28,3,Ridge_All,0.0,6.864396237122215
FOODS_3_007,FOODS_3,FOODS,TX_1,TX,2016-03-10,2016-04-07,2,Lumpy,28,3,Ridge_All,0.0,5.653094896149298
FOODS_3_007,FOODS_3,FOODS,TX_1,TX,2016-03-11,2016-04-08,1,Lumpy,28,3,Ridge_All,11.0,6.332984934022889
FOODS_3_007,FOODS_3,FOODS,TX_1,TX,2016-03-12,2016-04-09,1,Lumpy,28,3,Ridge_All,4.0,8.599046741479789
FOODS_3_007,FOODS_3,FOODS,TX_1,TX,2016-03-13,2016-04-10,3,Lumpy,28,3,Ridge_All,4.0,7.93390626026192
FOODS_3_007,FOODS_3,FOODS,TX_1,TX,2016-03-14,2016-04-11,6,Lumpy,28,3,Ridge_All,12.0,4.434720357758419
FOODS_3_007,FOODS_3,FOODS,TX_1,TX,2016-03-15,2016-04-12,10,Lumpy,28,3,Ridge_All,3.0,4.978376768279194
FOODS_3_007,FOODS_3,FOODS,TX_1,TX,2016-03-16,2016-04-13,6,Lumpy,28,3,Ridge_All,0.0,4.824161964678606
FOODS_3_007,FOODS_3,FOODS,TX_1,TX,2016-03-17,2016-04-14,1,Lumpy,28,3,Ridge_All,0.0,6.559394952659383
FOODS_3_007,FOODS_3,FOODS,TX_1,TX,2016-03-18,2016-04-15,4,Lumpy,28,3,Ridge_All,0.0,5.259446285092562
FOODS_3_007,FOODS_3,FOODS,TX_1,TX,2016-03-19,2016-04-16,2,Lumpy,28,3,Ridge_All,0.0,8.162729926394618
FOODS_3_042,FOODS_3,FOODS,WI_1,WI,2016-02-29,2016-03-28,13,Smooth,28,3,Ridge_All,7.0,10.379843440340668
FOODS_3_042,FOODS_3,FOODS,WI_1,WI,2016-03-01,2016-03-29,8,Smooth,28,3,Ridge_All,8.0,10.891671451057718
FOODS_3_042,FOODS_3,FOODS,WI_1,WI,2016-03-02,2016-03-30,11,Smooth,28,3,Ridge_All,11.0,10.345122093563715
FOODS_3_042,FOODS_3,FOODS,WI_1,WI,2016-03-03,2016-03-31,10,Smooth,28,3,Ridge_All,9.0,11.247008303773365
FOODS_3_042,FOODS_3,FOODS,WI_1,WI,2016-03-04,2016-04-01,11,Smooth,28,3,Ridge_All,13.0,12.473395147752601
FOODS_3_042,FOODS_3,FOODS,WI_1,WI,2016-03-05,2016-04-02,20,Smooth,28,3,Ridge_All,16.0,17.014803126668333
FOODS_3_042,FOODS_3,FOODS,WI_1,WI,2016-03-06,2016-04-03,19,Smooth,28,3,Ridge_All,20.0,17.601689613011455
FOODS_3_042,FOODS_3,FOODS,WI_1,WI,2016-03-07,2016-04-04,11,Smooth,28,3,Ridge_All,8.0,12.129070517789618
FOODS_3_042,FOODS_3,FOODS,WI_1,WI,2016-03-08,2016-04-05,12,Smooth,28,3,Ridge_All,12.0,10.32864431131074
FOODS_3_042,FOODS_3,FOODS,WI_1,WI,2016-03-09,2016-04-06,15,Smooth,28,3,Ridge_All,14.0,11.551460289802138
FOODS_3_042,FOODS_3,FOODS,WI_1,WI,2016-03-10,2016-04-07,14,Smooth,28,3,Ridge_All,11.0,13.005169653827053
FOODS_3_042,FOODS_3,FOODS,WI_1,WI,2016-03-11,2016-04-08,19,Smooth,28,3,Ridge_All,13.0,13.518291137159268
FOODS_3_042,FOODS_3,FOODS,WI_1,WI,2016-03-12,2016-04-09,17,Smooth,28,3,Ridge_All,21.0,18.651287717692078
FOODS_3_042,FOODS_3,FOODS,WI_1,WI,2016-03-13,2016-04-10,14,Smooth,28,3,Ridge_All,16.0,18.18988705058884
FOODS_3_042,FOODS_3,FOODS,WI_1,WI,2016-03-14,2016-04-11,9,Smooth,28,3,Ridge_All,9.0,12.56694274396258
FOODS_3_042,FOODS_3,FOODS,WI_1,WI,2016-03-15,2016-04-12,9,Smooth,28,3,Ridge_All,11.0,10.799592630797381
FOODS_3_042,FOODS_3,FOODS,WI_1,WI,2016-03-16,2016-04-13,11,Smooth,28,3,Ridge_All,4.0,10.977561361028187
FOODS_3_042,FOODS_3,FOODS,WI_1,WI,2016-03-17,2016-04-14,10,Smooth,28,3,Ridge_All,11.0,11.135113424318526
FOODS_3_042,FOODS_3,FOODS,WI_1,WI,2016-03-18,2016-04-15,12,Smooth,28,3,Ridge_All,14.0,12.814111368170073
FOODS_3_042,FOODS_3,FOODS,WI_1,WI,2016-03-19,2016-04-16,16,Smooth,28,3,Ridge_All,25.0,16.490524235773293
FOODS_3_064,FOODS_3,FOODS,CA_1,CA,2016-02-29,2016-03-28,25,Intermittent,28,3,Ridge_All,17.0,23.914663295875005
FOODS_3_064,FOODS_3,FOODS,CA_1,CA,2016-03-01,2016-03-29,35,Intermittent,28,3,Ridge_All,14.0,22.895986153554553
FOODS_3_064,FOODS_3,FOODS,CA_1,CA,2016-03-02,2016-03-30,23,Intermittent,28,3,Ridge_All,17.0,21.604565995208496
FOODS_3_064,FOODS_3,FOODS,CA_1,CA,2016-03-03,2016-03-31,15,Intermittent,28,3,Ridge_All,8.0,24.051828323532643
FOODS_3_064,FOODS_3,FOODS,CA_1,CA,2016-03-04,2016-04-01,34,Intermittent,28,3,Ridge_All,31.0,23.453239351133853
FOODS_3_064,FOODS_3,FOODS,CA_1,CA,2016-03-05,2016-04-02,24,Intermittent,28,3,Ridge_All,42.0,30.801685465455552
FOODS_3_064,FOODS_3,FOODS,CA_1,CA,2016-03-06,2016-04-03,36,Intermittent,28,3,Ridge_All,24.0,26.832899375863022
FOODS_3_064,FOODS_3,FOODS,CA_1,CA,2016-03-07,2016-04-04,20,Intermittent,28,3,Ridge_All,23.0,23.61726566216798
FOODS_3_064,FOODS_3,FOODS,CA_1,CA,2016-03-08,2016-04-05,20,Intermittent,28,3,Ridge_All,22.0,22.178361471379237
FOODS_3_064,FOODS_3,FOODS,CA_1,CA,2016-03-09,2016-04-06,17,Intermittent,28,3,Ridge_All,28.0,18.970845818548717
FOODS_3_064,FOODS_3,FOODS,CA_1,CA,2016-03-10,2016-04-07,18,Intermittent,28,3,Ridge_All,21.0,20.701220989873672
FOODS_3_064,FOODS_3,FOODS,CA_1,CA,2016-03-11,2016-04-08,22,Intermittent,28,3,Ridge_All,27.0,22.58136674463803
FOODS_3_064,FOODS_3,FOODS,CA_1,CA,2016-03-12,2016-04-09,34,Intermittent,28,3,Ridge_All,32.0,25.473891993913995
FOODS_3_064,FOODS_3,FOODS,CA_1,CA,2016-03-13,2016-04-10,28,Intermittent,28,3,Ridge_All,18.0,28.18830696058378
FOODS_3_064,FOODS_3,FOODS,CA_1,CA,2016-03-14,2016-04-11,16,Intermittent,28,3,Ridge_All,24.0,21.36757651484038
FOODS_3_064,FOODS_3,FOODS,CA_1,CA,2016-03-15,2016-04-12,22,Intermittent,28,3,Ridge_All,20.0,20.12658674595868
FOODS_3_064,FOODS_3,FOODS,CA_1,CA,2016-03-16,2016-04-13,22,Intermittent,28,3,Ridge_All,22.0,18.484480183343642
FOODS_3_064,FOODS_3,FOODS,CA_1,CA,2016-03-17,2016-04-14,15,Intermittent,28,3,Ridge_All,22.0,18.921474567917627
FOODS_3_064,FOODS_3,FOODS,CA_1,CA,2016-03-18,2016-04-15,30,Intermittent,28,3,Ridge_All,23.0,21.27865289695141
FOODS_3_064,FOODS_3,FOODS,CA_1,CA,2016-03-19,2016-04-16,29,Intermittent,28,3,Ridge_All,30.0,27.75045303250442
FOODS_3_086,FOODS_3,FOODS,CA_1,CA,2016-02-29,2016-03-28,2,Erratic,28,3,Ridge_All,7.0,5.547290300020826
FOODS_3_086,FOODS_3,FOODS,CA_1,CA,2016-03-01,2016-03-29,3,Erratic,28,3,Ridge_All,7.0,5.382697686401187
FOODS_3_086,FOODS_3,FOODS,CA_1,CA,2016-03-02,2016-03-30,8,Erratic,28,3,Ridge_All,2.0,5.109148330029601
FOODS_3_086,FOODS_3,FOODS,CA_1,CA,2016-03-03,2016-03-31,3,Erratic,28,3,Ridge_All,12.0,6.974086019750165
FOODS_3_086,FOODS_3,FOODS,CA_1,CA,2016-03-04,2016-04-01,5,Erratic,28,3,Ridge_All,9.0,7.151429819115621
FOODS_3_086,FOODS_3,FOODS,CA_1,CA,2016-03-05,2016-04-02,5,Erratic,28,3,Ridge_All,8.0,10.806146883256485
FOODS_3_086,FOODS_3,FOODS,CA_1,CA,2016-03-06,2016-04-03,7,Erratic,28,3,Ridge_All,6.0,10.40645131408979
FOODS_3_086,FOODS_3,FOODS,CA_1,CA,2016-03-07,2016-04-04,4,Erratic,28,3,Ridge_All,12.0,5.840608023246627
FOODS_3_086,FOODS_3,FOODS,CA_1,CA,2016-03-08,2016-04-05,0,Erratic,28,3,Ridge_All,4.0,5.136346790549755
FOODS_3_086,FOODS_3,FOODS,CA_1,CA,2016-03-09,2016-04-06,3,Erratic,28,3,Ridge_All,6.0,4.747212161299409
FOODS_3_086,FOODS_3,FOODS,CA_1,CA,2016-03-10,2016-04-07,4,Erratic,28,3,Ridge_All,6.0,5.668035644603961
FOODS_3_086,FOODS_3,FOODS,CA_1,CA,2016-03-11,2016-04-08,8,Erratic,28,3,Ridge_All,7.0,6.602167600130099
FOODS_3_086,FOODS_3,FOODS,CA_1,CA,2016-03-12,2016-04-09,3,Erratic,28,3,Ridge_All,26.0,10.224747218893803
FOODS_3_086,FOODS_3,FOODS,CA_1,CA,2016-03-13,2016-04-10,8,Erratic,28,3,Ridge_All,10.0,9.947884569360266
FOODS_3_086,FOODS_3,FOODS,CA_1,CA,2016-03-14,2016-04-11,3,Erratic,28,3,Ridge_All,7.0,5.288974705397479
FOODS_3_086,FOODS_3,FOODS,CA_1,CA,2016-03-15,2016-04-12,2,Erratic,28,3,Ridge_All,5.0,3.767360484425236
FOODS_3_086,FOODS_3,FOODS,CA_1,CA,2016-03-16,2016-04-13,3,Erratic,28,3,Ridge_All,4.0,4.454528597058513
FOODS_3_086,FOODS_3,FOODS,CA_1,CA,2016-03-17,2016-04-14,5,Erratic,28,3,Ridge_All,2.0,4.738612617587783
FOODS_3_086,FOODS_3,FOODS,CA_1,CA,2016-03-18,2016-04-15,4,Erratic,28,3,Ridge_All,8.0,7.453948331385997
FOODS_3_086,FOODS_3,FOODS,CA_1,CA,2016-03-19,2016-04-16,3,Erratic,28,3,Ridge_All,14.0,8.985384316092375
FOODS_3_007,FOODS_3,FOODS,TX_1,TX,2016-02-29,2016-03-28,0,Lumpy,28,3,Boosting_All,0.0,6.457778534162639
FOODS_3_007,FOODS_3,FOODS,TX_1,TX,2016-03-01,2016-03-29,0,Lumpy,28,3,Boosting_All,2.0,5.600142473066871
FOODS_3_007,FOODS_3,FOODS,TX_1,TX,2016-03-02,2016-03-30,0,Lumpy,28,3,Boosting_All,6.0,7.106056819210271
FOODS_3_007,FOODS_3,FOODS,TX_1,TX,2016-03-03,2016-03-31,15,Lumpy,28,3,Boosting_All,0.0,5.455921037442251
FOODS_3_007,FOODS_3,FOODS,TX_1,TX,2016-03-04,2016-04-01,5,Lumpy,28,3,Boosting_All,1.0,7.834479256290751
FOODS_3_007,FOODS_3,FOODS,TX_1,TX,2016-03-05,2016-04-02,0,Lumpy,28,3,Boosting_All,10.0,7.346864701045343
FOODS_3_007,FOODS_3,FOODS,TX_1,TX,2016-03-06,2016-04-03,0,Lumpy,28,3,Boosting_All,7.0,6.616988328092655
FOODS_3_007,FOODS_3,FOODS,TX_1,TX,2016-03-07,2016-04-04,2,Lumpy,28,3,Boosting_All,4.0,5.610625392743264
FOODS_3_007,FOODS_3,FOODS,TX_1,TX,2016-03-08,2016-04-05,2,Lumpy,28,3,Boosting_All,2.0,6.0246374119641
FOODS_3_007,FOODS_3,FOODS,TX_1,TX,2016-03-09,2016-04-06,5,Lumpy,28,3,Boosting_All,0.0,5.212462187315754
FOODS_3_007,FOODS_3,FOODS,TX_1,TX,2016-03-10,2016-04-07,2,Lumpy,28,3,Boosting_All,0.0,5.676247223412126
FOODS_3_007,FOODS_3,FOODS,TX_1,TX,2016-03-11,2016-04-08,1,Lumpy,28,3,Boosting_All,11.0,5.861903513787886
FOODS_3_007,FOODS_3,FOODS,TX_1,TX,2016-03-12,2016-04-09,1,Lumpy,28,3,Boosting_All,4.0,6.5972875477192865
FOODS_3_007,FOODS_3,FOODS,TX_1,TX,2016-03-13,2016-04-10,3,Lumpy,28,3,Boosting_All,4.0,6.652119037029251
FOODS_3_007,FOODS_3,FOODS,TX_1,TX,2016-03-14,2016-04-11,6,Lumpy,28,3,Boosting_All,12.0,5.696163423618401
FOODS_3_007,FOODS_3,FOODS,TX_1,TX,2016-03-15,2016-04-12,10,Lumpy,28,3,Boosting_All,3.0,5.903405443176807
FOODS_3_007,FOODS_3,FOODS,TX_1,TX,2016-03-16,2016-04-13,6,Lumpy,28,3,Boosting_All,0.0,5.8498696109648884
FOODS_3_007,FOODS_3,FOODS,TX_1,TX,2016-03-17,2016-04-14,1,Lumpy,28,3,Boosting_All,0.0,6.142640239108679
FOODS_3_007,FOODS_3,FOODS,TX_1,TX,2016-03-18,2016-04-15,4,Lumpy,28,3,Boosting_All,0.0,5.8326151576386405
FOODS_3_007,FOODS_3,FOODS,TX_1,TX,2016-03-19,2016-04-16,2,Lumpy,28,3,Boosting_All,0.0,6.438055732813278
FOODS_3_042,FOODS_3,FOODS,WI_1,WI,2016-02-29,2016-03-28,13,Smooth,28,3,Boosting_All,7.0,10.146035014159198
FOODS_3_042,FOODS_3,FOODS,WI_1,WI,2016-03-01,2016-03-29,8,Smooth,28,3,Boosting_All,8.0,9.224542206867726
FOODS_3_042,FOODS_3,FOODS,WI_1,WI,2016-03-02,2016-03-30,11,Smooth,28,3,Boosting_All,11.0,9.136548705673302
FOODS_3_042,FOODS_3,FOODS,WI_1,WI,2016-03-03,2016-03-31,10,Smooth,28,3,Boosting_All,9.0,11.065893295919752
FOODS_3_042,FOODS_3,FOODS,WI_1,WI,2016-03-04,2016-04-01,11,Smooth,28,3,Boosting_All,13.0,12.924777001586527
FOODS_3_042,FOODS_3,FOODS,WI_1,WI,2016-03-05,2016-04-02,20,Smooth,28,3,Boosting_All,16.0,16.361223684565246
FOODS_3_042,FOODS_3,FOODS,WI_1,WI,2016-03-06,2016-04-03,19,Smooth,28,3,Boosting_All,20.0,15.324981726311986
FOODS_3_042,FOODS_3,FOODS,WI_1,WI,2016-03-07,2016-04-04,11,Smooth,28,3,Boosting_All,8.0,10.894434162697312
FOODS_3_042,FOODS_3,FOODS,WI_1,WI,2016-03-08,2016-04-05,12,Smooth,28,3,Boosting_All,12.0,10.304623669689033
FOODS_3_042,FOODS_3,FOODS,WI_1,WI,2016-03-09,2016-04-06,15,Smooth,28,3,Boosting_All,14.0,10.713094178444893
FOODS_3_042,FOODS_3,FOODS,WI_1,WI,2016-03-10,2016-04-07,14,Smooth,28,3,Boosting_All,11.0,11.870270395679693
FOODS_3_042,FOODS_3,FOODS,WI_1,WI,2016-03-11,2016-04-08,19,Smooth,28,3,Boosting_All,13.0,13.978749751703889
FOODS_3_042,FOODS_3,FOODS,WI_1,WI,2016-03-12,2016-04-09,17,Smooth,28,3,Boosting_All,21.0,17.9560512603711
FOODS_3_042,FOODS_3,FOODS,WI_1,WI,2016-03-13,2016-04-10,14,Smooth,28,3,Boosting_All,16.0,16.516142299767754
FOODS_3_042,FOODS_3,FOODS,WI_1,WI,2016-03-14,2016-04-11,9,Smooth,28,3,Boosting_All,9.0,10.945178847180411
FOODS_3_042,FOODS_3,FOODS,WI_1,WI,2016-03-15,2016-04-12,9,Smooth,28,3,Boosting_All,11.0,10.391215893490763
FOODS_3_042,FOODS_3,FOODS,WI_1,WI,2016-03-16,2016-04-13,11,Smooth,28,3,Boosting_All,4.0,10.360518717223771
FOODS_3_042,FOODS_3,FOODS,WI_1,WI,2016-03-17,2016-04-14,10,Smooth,28,3,Boosting_All,11.0,11.316979415250552
FOODS_3_042,FOODS_3,FOODS,WI_1,WI,2016-03-18,2016-04-15,12,Smooth,28,3,Boosting_All,14.0,13.097935973464622
FOODS_3_042,FOODS_3,FOODS,WI_1,WI,2016-03-19,2016-04-16,16,Smooth,28,3,Boosting_All,25.0,16.54511919811532
FOODS_3_064,FOODS_3,FOODS,CA_1,CA,2016-02-29,2016-03-28,25,Intermittent,28,3,Boosting_All,17.0,25.696526053439953
FOODS_3_064,FOODS_3,FOODS,CA_1,CA,2016-03-01,2016-03-29,35,Intermittent,28,3,Boosting_All,14.0,23.491414369984902
FOODS_3_064,FOODS_3,FOODS,CA_1,CA,2016-03-02,2016-03-30,23,Intermittent,28,3,Boosting_All,17.0,25.753926987199492
FOODS_3_064,FOODS_3,FOODS,CA_1,CA,2016-03-03,2016-03-31,15,Intermittent,28,3,Boosting_All,8.0,26.700378310642588
FOODS_3_064,FOODS_3,FOODS,CA_1,CA,2016-03-04,2016-04-01,34,Intermittent,28,3,Boosting_All,31.0,24.993214165770166
FOODS_3_064,FOODS_3,FOODS,CA_1,CA,2016-03-05,2016-04-02,24,Intermittent,28,3,Boosting_All,42.0,35.811620774820206
FOODS_3_064,FOODS_3,FOODS,CA_1,CA,2016-03-06,2016-04-03,36,Intermittent,28,3,Boosting_All,24.0,31.516306383332147
FOODS_3_064,FOODS_3,FOODS,CA_1,CA,2016-03-07,2016-04-04,20,Intermittent,28,3,Boosting_All,23.0,25.577473755829217
FOODS_3_064,FOODS_3,FOODS,CA_1,CA,2016-03-08,2016-04-05,20,Intermittent,28,3,Boosting_All,22.0,21.896245986094748
FOODS_3_064,FOODS_3,FOODS,CA_1,CA,2016-03-09,2016-04-06,17,Intermittent,28,3,Boosting_All,28.0,20.86324844017887
FOODS_3_064,FOODS_3,FOODS,CA_1,CA,2016-03-10,2016-04-07,18,Intermittent,28,3,Boosting_All,21.0,21.29664489651277
FOODS_3_064,FOODS_3,FOODS,CA_1,CA,2016-03-11,2016-04-08,22,Intermittent,28,3,Boosting_All,27.0,24.088928297772917
FOODS_3_064,FOODS_3,FOODS,CA_1,CA,2016-03-12,2016-04-09,34,Intermittent,28,3,Boosting_All,32.0,29.850893926132546
FOODS_3_064,FOODS_3,FOODS,CA_1,CA,2016-03-13,2016-04-10,28,Intermittent,28,3,Boosting_All,18.0,31.727472857827788
FOODS_3_064,FOODS_3,FOODS,CA_1,CA,2016-03-14,2016-04-11,16,Intermittent,28,3,Boosting_All,24.0,22.98672519055244
FOODS_3_064,FOODS_3,FOODS,CA_1,CA,2016-03-15,2016-04-12,22,Intermittent,28,3,Boosting_All,20.0,20.936932058198924
FOODS_3_064,FOODS_3,FOODS,CA_1,CA,2016-03-16,2016-04-13,22,Intermittent,28,3,Boosting_All,22.0,20.782784576857544
FOODS_3_064,FOODS_3,FOODS,CA_1,CA,2016-03-17,2016-04-14,15,Intermittent,28,3,Boosting_All,22.0,20.716538054440115
FOODS_3_064,FOODS_3,FOODS,CA_1,CA,2016-03-18,2016-04-15,30,Intermittent,28,3,Boosting_All,23.0,22.684526408017323
FOODS_3_064,FOODS_3,FOODS,CA_1,CA,2016-03-19,2016-04-16,29,Intermittent,28,3,Boosting_All,30.0,31.280555218869466
FOODS_3_086,FOODS_3,FOODS,CA_1,CA,2016-02-29,2016-03-28,2,Erratic,28,3,Boosting_All,7.0,6.356226614227732
FOODS_3_086,FOODS_3,FOODS,CA_1,CA,2016-03-01,2016-03-29,3,Erratic,28,3,Boosting_All,7.0,4.861025327245323
FOODS_3_086,FOODS_3,FOODS,CA_1,CA,2016-03-02,2016-03-30,8,Erratic,28,3,Boosting_All,2.0,4.971088295343274
FOODS_3_086,FOODS_3,FOODS,CA_1,CA,2016-03-03,2016-03-31,3,Erratic,28,3,Boosting_All,12.0,5.956431790829197
FOODS_3_086,FOODS_3,FOODS,CA_1,CA,2016-03-04,2016-04-01,5,Erratic,28,3,Boosting_All,9.0,6.306093438213492
FOODS_3_086,FOODS_3,FOODS,CA_1,CA,2016-03-05,2016-04-02,5,Erratic,28,3,Boosting_All,8.0,8.018795333126674
FOODS_3_086,FOODS_3,FOODS,CA_1,CA,2016-03-06,2016-04-03,7,Erratic,28,3,Boosting_All,6.0,7.510630096604536
FOODS_3_086,FOODS_3,FOODS,CA_1,CA,2016-03-07,2016-04-04,4,Erratic,28,3,Boosting_All,12.0,6.046495913798719
FOODS_3_086,FOODS_3,FOODS,CA_1,CA,2016-03-08,2016-04-05,0,Erratic,28,3,Boosting_All,4.0,5.225554888734633
FOODS_3_086,FOODS_3,FOODS,CA_1,CA,2016-03-09,2016-04-06,3,Erratic,28,3,Boosting_All,6.0,5.1845374404744815
FOODS_3_086,FOODS_3,FOODS,CA_1,CA,2016-03-10,2016-04-07,4,Erratic,28,3,Boosting_All,6.0,5.0655426237654835
FOODS_3_086,FOODS_3,FOODS,CA_1,CA,2016-03-11,2016-04-08,8,Erratic,28,3,Boosting_All,7.0,6.042158142390042
FOODS_3_086,FOODS_3,FOODS,CA_1,CA,2016-03-12,2016-04-09,3,Erratic,28,3,Boosting_All,26.0,7.740843570908611
FOODS_3_086,FOODS_3,FOODS,CA_1,CA,2016-03-13,2016-04-10,8,Erratic,28,3,Boosting_All,10.0,7.280433117287774
FOODS_3_086,FOODS_3,FOODS,CA_1,CA,2016-03-14,2016-04-11,3,Erratic,28,3,Boosting_All,7.0,6.048980564441782
FOODS_3_086,FOODS_3,FOODS,CA_1,CA,2016-03-15,2016-04-12,2,Erratic,28,3,Boosting_All,5.0,5.106361545484456
FOODS_3_086,FOODS_3,FOODS,CA_1,CA,2016-03-16,2016-04-13,3,Erratic,28,3,Boosting_All,4.0,5.040799499028777
FOODS_3_086,FOODS_3,FOODS,CA_1,CA,2016-03-17,2016-04-14,5,Erratic,28,3,Boosting_All,2.0,4.959269251181888
FOODS_3_086,FOODS_3,FOODS,CA_1,CA,2016-03-18,2016-04-15,4,Erratic,28,3,Boosting_All,8.0,6.106346781692934
FOODS_3_086,FOODS_3,FOODS,CA_1,CA,2016-03-19,2016-04-16,3,Erratic,28,3,Boosting_All,14.0,7.148623045842118
FOODS_3_007,FOODS_3,FOODS,TX_1,TX,2016-02-29,2016-03-28,0,Lumpy,28,3,MLP_All,0.0,2.4690425830263414
FOODS_3_007,FOODS_3,FOODS,TX_1,TX,2016-03-01,2016-03-29,0,Lumpy,28,3,MLP_All,2.0,6.527171814623396
FOODS_3_007,FOODS_3,FOODS,TX_1,TX,2016-03-02,2016-03-30,0,Lumpy,28,3,MLP_All,6.0,5.665653981940174
FOODS_3_007,FOODS_3,FOODS,TX_1,TX,2016-03-03,2016-03-31,15,Lumpy,28,3,MLP_All,0.0,4.855164030535601
FOODS_3_007,FOODS_3,FOODS,TX_1,TX,2016-03-04,2016-04-01,5,Lumpy,28,3,MLP_All,1.0,6.298711091499862
FOODS_3_007,FOODS_3,FOODS,TX_1,TX,2016-03-05,2016-04-02,0,Lumpy,28,3,MLP_All,10.0,6.307962602255325
FOODS_3_007,FOODS_3,FOODS,TX_1,TX,2016-03-06,2016-04-03,0,Lumpy,28,3,MLP_All,7.0,6.948774367027021
FOODS_3_007,FOODS_3,FOODS,TX_1,TX,2016-03-07,2016-04-04,2,Lumpy,28,3,MLP_All,4.0,5.494058810464775
FOODS_3_007,FOODS_3,FOODS,TX_1,TX,2016-03-08,2016-04-05,2,Lumpy,28,3,MLP_All,2.0,5.836219703941577
FOODS_3_007,FOODS_3,FOODS,TX_1,TX,2016-03-09,2016-04-06,5,Lumpy,28,3,MLP_All,0.0,5.658654931879519
FOODS_3_007,FOODS_3,FOODS,TX_1,TX,2016-03-10,2016-04-07,2,Lumpy,28,3,MLP_All,0.0,5.049584241045515
FOODS_3_007,FOODS_3,FOODS,TX_1,TX,2016-03-11,2016-04-08,1,Lumpy,28,3,MLP_All,11.0,7.175224240961307
FOODS_3_007,FOODS_3,FOODS,TX_1,TX,2016-03-12,2016-04-09,1,Lumpy,28,3,MLP_All,4.0,7.518416817225225
FOODS_3_007,FOODS_3,FOODS,TX_1,TX,2016-03-13,2016-04-10,3,Lumpy,28,3,MLP_All,4.0,6.9302248468357615
FOODS_3_007,FOODS_3,FOODS,TX_1,TX,2016-03-14,2016-04-11,6,Lumpy,28,3,MLP_All,12.0,5.4108221932749
FOODS_3_007,FOODS_3,FOODS,TX_1,TX,2016-03-15,2016-04-12,10,Lumpy,28,3,MLP_All,3.0,6.216902678745944
FOODS_3_007,FOODS_3,FOODS,TX_1,TX,2016-03-16,2016-04-13,6,Lumpy,28,3,MLP_All,0.0,4.9884049922012315
FOODS_3_007,FOODS_3,FOODS,TX_1,TX,2016-03-17,2016-04-14,1,Lumpy,28,3,MLP_All,0.0,4.931360204142644
FOODS_3_007,FOODS_3,FOODS,TX_1,TX,2016-03-18,2016-04-15,4,Lumpy,28,3,MLP_All,0.0,7.499160902953555
FOODS_3_007,FOODS_3,FOODS,TX_1,TX,2016-03-19,2016-04-16,2,Lumpy,28,3,MLP_All,0.0,7.491964870799023
FOODS_3_042,FOODS_3,FOODS,WI_1,WI,2016-02-29,2016-03-28,13,Smooth,28,3,MLP_All,7.0,10.998249221411424
FOODS_3_042,FOODS_3,FOODS,WI_1,WI,2016-03-01,2016-03-29,8,Smooth,28,3,MLP_All,8.0,13.491508044306691
FOODS_3_042,FOODS_3,FOODS,WI_1,WI,2016-03-02,2016-03-30,11,Smooth,28,3,MLP_All,11.0,12.609258441784803
FOODS_3_042,FOODS_3,FOODS,WI_1,WI,2016-03-03,2016-03-31,10,Smooth,28,3,MLP_All,9.0,14.4668058136271
FOODS_3_042,FOODS_3,FOODS,WI_1,WI,2016-03-04,2016-04-01,11,Smooth,28,3,MLP_All,13.0,18.630416970319658
FOODS_3_042,FOODS_3,FOODS,WI_1,WI,2016-03-05,2016-04-02,20,Smooth,28,3,MLP_All,16.0,18.01556302221007
FOODS_3_042,FOODS_3,FOODS,WI_1,WI,2016-03-06,2016-04-03,19,Smooth,28,3,MLP_All,20.0,15.664119658992504
FOODS_3_042,FOODS_3,FOODS,WI_1,WI,2016-03-07,2016-04-04,11,Smooth,28,3,MLP_All,8.0,14.543828761638082
FOODS_3_042,FOODS_3,FOODS,WI_1,WI,2016-03-08,2016-04-05,12,Smooth,28,3,MLP_All,12.0,12.215979041071346
FOODS_3_042,FOODS_3,FOODS,WI_1,WI,2016-03-09,2016-04-06,15,Smooth,28,3,MLP_All,14.0,12.6950089983116
FOODS_3_042,FOODS_3,FOODS,WI_1,WI,2016-03-10,2016-04-07,14,Smooth,28,3,MLP_All,11.0,16.5248617399321
FOODS_3_042,FOODS_3,FOODS,WI_1,WI,2016-03-11,2016-04-08,19,Smooth,28,3,MLP_All,13.0,16.386251610825997
FOODS_3_042,FOODS_3,FOODS,WI_1,WI,2016-03-12,2016-04-09,17,Smooth,28,3,MLP_All,21.0,18.136090707382834
FOODS_3_042,FOODS_3,FOODS,WI_1,WI,2016-03-13,2016-04-10,14,Smooth,28,3,MLP_All,16.0,15.653607516418049
FOODS_3_042,FOODS_3,FOODS,WI_1,WI,2016-03-14,2016-04-11,9,Smooth,28,3,MLP_All,9.0,12.84132733019577
FOODS_3_042,FOODS_3,FOODS,WI_1,WI,2016-03-15,2016-04-12,9,Smooth,28,3,MLP_All,11.0,11.639076272199064
FOODS_3_042,FOODS_3,FOODS,WI_1,WI,2016-03-16,2016-04-13,11,Smooth,28,3,MLP_All,4.0,13.506512986008104
FOODS_3_042,FOODS_3,FOODS,WI_1,WI,2016-03-17,2016-04-14,10,Smooth,28,3,MLP_All,11.0,13.538240863828328
FOODS_3_042,FOODS_3,FOODS,WI_1,WI,2016-03-18,2016-04-15,12,Smooth,28,3,MLP_All,14.0,18.399148804098456
FOODS_3_042,FOODS_3,FOODS,WI_1,WI,2016-03-19,2016-04-16,16,Smooth,28,3,MLP_All,25.0,19.287760905703415
FOODS_3_064,FOODS_3,FOODS,CA_1,CA,2016-02-29,2016-03-28,25,Intermittent,28,3,MLP_All,17.0,24.45868246202011
FOODS_3_064,FOODS_3,FOODS,CA_1,CA,2016-03-01,2016-03-29,35,Intermittent,28,3,MLP_All,14.0,23.737769867096365
FOODS_3_064,FOODS_3,FOODS,CA_1,CA,2016-03-02,2016-03-30,23,Intermittent,28,3,MLP_All,17.0,23.75442649029483
FOODS_3_064,FOODS_3,FOODS,CA_1,CA,2016-03-03,2016-03-31,15,Intermittent,28,3,MLP_All,8.0,23.712966623340233
FOODS_3_064,FOODS_3,FOODS,CA_1,CA,2016-03-04,2016-04-01,34,Intermittent,28,3,MLP_All,31.0,27.954538618034416
FOODS_3_064,FOODS_3,FOODS,CA_1,CA,2016-03-05,2016-04-02,24,Intermittent,28,3,MLP_All,42.0,31.11747822844395
FOODS_3_064,FOODS_3,FOODS,CA_1,CA,2016-03-06,2016-04-03,36,Intermittent,28,3,MLP_All,24.0,29.92261843170715
FOODS_3_064,FOODS_3,FOODS,CA_1,CA,2016-03-07,2016-04-04,20,Intermittent,28,3,MLP_All,23.0,24.661262861179498
FOODS_3_064,FOODS_3,FOODS,CA_1,CA,2016-03-08,2016-04-05,20,Intermittent,28,3,MLP_All,22.0,24.669643813364253
FOODS_3_064,FOODS_3,FOODS,CA_1,CA,2016-03-09,2016-04-06,17,Intermittent,28,3,MLP_All,28.0,24.831726302504965
FOODS_3_064,FOODS_3,FOODS,CA_1,CA,2016-03-10,2016-04-07,18,Intermittent,28,3,MLP_All,21.0,26.223184348738943
FOODS_3_064,FOODS_3,FOODS,CA_1,CA,2016-03-11,2016-04-08,22,Intermittent,28,3,MLP_All,27.0,31.770623229581794
FOODS_3_064,FOODS_3,FOODS,CA_1,CA,2016-03-12,2016-04-09,34,Intermittent,28,3,MLP_All,32.0,34.21577798552234
FOODS_3_064,FOODS_3,FOODS,CA_1,CA,2016-03-13,2016-04-10,28,Intermittent,28,3,MLP_All,18.0,33.992682219840916
FOODS_3_064,FOODS_3,FOODS,CA_1,CA,2016-03-14,2016-04-11,16,Intermittent,28,3,MLP_All,24.0,26.25558027910142
FOODS_3_064,FOODS_3,FOODS,CA_1,CA,2016-03-15,2016-04-12,22,Intermittent,28,3,MLP_All,20.0,26.680482560991674
FOODS_3_064,FOODS_3,FOODS,CA_1,CA,2016-03-16,2016-04-13,22,Intermittent,28,3,MLP_All,22.0,26.496078866993333
FOODS_3_064,FOODS_3,FOODS,CA_1,CA,2016-03-17,2016-04-14,15,Intermittent,28,3,MLP_All,22.0,24.103174516417997
FOODS_3_064,FOODS_3,FOODS,CA_1,CA,2016-03-18,2016-04-15,30,Intermittent,28,3,MLP_All,23.0,32.10148944759221
FOODS_3_064,FOODS_3,FOODS,CA_1,CA,2016-03-19,2016-04-16,29,Intermittent,28,3,MLP_All,30.0,33.12841587679137
FOODS_3_086,FOODS_3,FOODS,CA_1,CA,2016-02-29,2016-03-28,2,Erratic,28,3,MLP_All,7.0,4.857261967429812
FOODS_3_086,FOODS_3,FOODS,CA_1,CA,2016-03-01,2016-03-29,3,Erratic,28,3,MLP_All,7.0,10.196210680948816
FOODS_3_086,FOODS_3,FOODS,CA_1,CA,2016-03-02,2016-03-30,8,Erratic,28,3,MLP_All,2.0,9.43630509047786
FOODS_3_086,FOODS_3,FOODS,CA_1,CA,2016-03-03,2016-03-31,3,Erratic,28,3,MLP_All,12.0,11.713601674896092
FOODS_3_086,FOODS_3,FOODS,CA_1,CA,2016-03-04,2016-04-01,5,Erratic,28,3,MLP_All,9.0,15.278112050499574
FOODS_3_086,FOODS_3,FOODS,CA_1,CA,2016-03-05,2016-04-02,5,Erratic,28,3,MLP_All,8.0,17.911602646143496
FOODS_3_086,FOODS_3,FOODS,CA_1,CA,2016-03-06,2016-04-03,7,Erratic,28,3,MLP_All,6.0,14.288602393030544
FOODS_3_086,FOODS_3,FOODS,CA_1,CA,2016-03-07,2016-04-04,4,Erratic,28,3,MLP_All,12.0,10.0933137646097
FOODS_3_086,FOODS_3,FOODS,CA_1,CA,2016-03-08,2016-04-05,0,Erratic,28,3,MLP_All,4.0,9.163872553768218
FOODS_3_086,FOODS_3,FOODS,CA_1,CA,2016-03-09,2016-04-06,3,Erratic,28,3,MLP_All,6.0,8.420102442440761
FOODS_3_086,FOODS_3,FOODS,CA_1,CA,2016-03-10,2016-04-07,4,Erratic,28,3,MLP_All,6.0,10.334191160906101
FOODS_3_086,FOODS_3,FOODS,CA_1,CA,2016-03-11,2016-04-08,8,Erratic,28,3,MLP_All,7.0,15.489873543400861
FOODS_3_086,FOODS_3,FOODS,CA_1,CA,2016-03-12,2016-04-09,3,Erratic,28,3,MLP_All,26.0,16.932851216572935
FOODS_3_086,FOODS_3,FOODS,CA_1,CA,2016-03-13,2016-04-10,8,Erratic,28,3,MLP_All,10.0,14.22108003205836
FOODS_3_086,FOODS_3,FOODS,CA_1,CA,2016-03-14,2016-04-11,3,Erratic,28,3,MLP_All,7.0,10.552316729156685
FOODS_3_086,FOODS_3,FOODS,CA_1,CA,2016-03-15,2016-04-12,2,Erratic,28,3,MLP_All,5.0,9.808474444843414
FOODS_3_086,FOODS_3,FOODS,CA_1,CA,2016-03-16,2016-04-13,3,Erratic,28,3,MLP_All,4.0,9.96413057196229
FOODS_3_086,FOODS_3,FOODS,CA_1,CA,2016-03-17,2016-04-14,5,Erratic,28,3,MLP_All,2.0,9.477484098909086
FOODS_3_086,FOODS_3,FOODS,CA_1,CA,2016-03-18,2016-04-15,4,Erratic,28,3,MLP_All,8.0,15.459234800671847
FOODS_3_086,FOODS_3,FOODS,CA_1,CA,2016-03-19,2016-04-16,3,Erratic,28,3,MLP_All,14.0,16.283763844217027
FOODS_3_007,FOODS_3,FOODS,TX_1,TX,2016-02-29,2016-03-28,0,Lumpy,28,3,MI_MLP_Top10,0.0,7.381064022644436
FOODS_3_007,FOODS_3,FOODS,TX_1,TX,2016-03-01,2016-03-29,0,Lumpy,28,3,MI_MLP_Top10,2.0,7.465224491833065
FOODS_3_007,FOODS_3,FOODS,TX_1,TX,2016-03-02,2016-03-30,0,Lumpy,28,3,MI_MLP_Top10,6.0,8.089656186741223
FOODS_3_007,FOODS_3,FOODS,TX_1,TX,2016-03-03,2016-03-31,15,Lumpy,28,3,MI_MLP_Top10,0.0,7.996778974445297
FOODS_3_007,FOODS_3,FOODS,TX_1,TX,2016-03-04,2016-04-01,5,Lumpy,28,3,MI_MLP_Top10,1.0,8.632172740478207
FOODS_3_007,FOODS_3,FOODS,TX_1,TX,2016-03-05,2016-04-02,0,Lumpy,28,3,MI_MLP_Top10,10.0,7.588346029733675
FOODS_3_007,FOODS_3,FOODS,TX_1,TX,2016-03-06,2016-04-03,0,Lumpy,28,3,MI_MLP_Top10,7.0,6.6797154206921
FOODS_3_007,FOODS_3,FOODS,TX_1,TX,2016-03-07,2016-04-04,2,Lumpy,28,3,MI_MLP_Top10,4.0,7.005204663216758
FOODS_3_007,FOODS_3,FOODS,TX_1,TX,2016-03-08,2016-04-05,2,Lumpy,28,3,MI_MLP_Top10,2.0,8.1369770191315
FOODS_3_007,FOODS_3,FOODS,TX_1,TX,2016-03-09,2016-04-06,5,Lumpy,28,3,MI_MLP_Top10,0.0,7.758660387708385
FOODS_3_007,FOODS_3,FOODS,TX_1,TX,2016-03-10,2016-04-07,2,Lumpy,28,3,MI_MLP_Top10,0.0,6.8173952248455585
FOODS_3_007,FOODS_3,FOODS,TX_1,TX,2016-03-11,2016-04-08,1,Lumpy,28,3,MI_MLP_Top10,11.0,5.789625439169197
FOODS_3_007,FOODS_3,FOODS,TX_1,TX,2016-03-12,2016-04-09,1,Lumpy,28,3,MI_MLP_Top10,4.0,6.780219703436385
FOODS_3_007,FOODS_3,FOODS,TX_1,TX,2016-03-13,2016-04-10,3,Lumpy,28,3,MI_MLP_Top10,4.0,5.392963233460706
FOODS_3_007,FOODS_3,FOODS,TX_1,TX,2016-03-14,2016-04-11,6,Lumpy,28,3,MI_MLP_Top10,12.0,5.366577280944337
FOODS_3_007,FOODS_3,FOODS,TX_1,TX,2016-03-15,2016-04-12,10,Lumpy,28,3,MI_MLP_Top10,3.0,7.319225138690781
FOODS_3_007,FOODS_3,FOODS,TX_1,TX,2016-03-16,2016-04-13,6,Lumpy,28,3,MI_MLP_Top10,0.0,6.01674078078676
FOODS_3_007,FOODS_3,FOODS,TX_1,TX,2016-03-17,2016-04-14,1,Lumpy,28,3,MI_MLP_Top10,0.0,7.236769011080868
FOODS_3_007,FOODS_3,FOODS,TX_1,TX,2016-03-18,2016-04-15,4,Lumpy,28,3,MI_MLP_Top10,0.0,5.592768356445764
FOODS_3_007,FOODS_3,FOODS,TX_1,TX,2016-03-19,2016-04-16,2,Lumpy,28,3,MI_MLP_Top10,0.0,5.696107604434619
FOODS_3_042,FOODS_3,FOODS,WI_1,WI,2016-02-29,2016-03-28,13,Smooth,28,3,MI_MLP_Top10,7.0,11.521802123176293
FOODS_3_042,FOODS_3,FOODS,WI_1,WI,2016-03-01,2016-03-29,8,Smooth,28,3,MI_MLP_Top10,8.0,11.284797782308575
FOODS_3_042,FOODS_3,FOODS,WI_1,WI,2016-03-02,2016-03-30,11,Smooth,28,3,MI_MLP_Top10,11.0,10.879591420656137
FOODS_3_042,FOODS_3,FOODS,WI_1,WI,2016-03-03,2016-03-31,10,Smooth,28,3,MI_MLP_Top10,9.0,10.962746264252804
FOODS_3_042,FOODS_3,FOODS,WI_1,WI,2016-03-04,2016-04-01,11,Smooth,28,3,MI_MLP_Top10,13.0,11.290151197914291
FOODS_3_042,FOODS_3,FOODS,WI_1,WI,2016-03-05,2016-04-02,20,Smooth,28,3,MI_MLP_Top10,16.0,15.217275511633257
FOODS_3_042,FOODS_3,FOODS,WI_1,WI,2016-03-06,2016-04-03,19,Smooth,28,3,MI_MLP_Top10,20.0,15.010278940312773
FOODS_3_042,FOODS_3,FOODS,WI_1,WI,2016-03-07,2016-04-04,11,Smooth,28,3,MI_MLP_Top10,8.0,11.866679289962612
FOODS_3_042,FOODS_3,FOODS,WI_1,WI,2016-03-08,2016-04-05,12,Smooth,28,3,MI_MLP_Top10,12.0,11.13685881322059
FOODS_3_042,FOODS_3,FOODS,WI_1,WI,2016-03-09,2016-04-06,15,Smooth,28,3,MI_MLP_Top10,14.0,12.632289185183453
FOODS_3_042,FOODS_3,FOODS,WI_1,WI,2016-03-10,2016-04-07,14,Smooth,28,3,MI_MLP_Top10,11.0,12.896269077650137
FOODS_3_042,FOODS_3,FOODS,WI_1,WI,2016-03-11,2016-04-08,19,Smooth,28,3,MI_MLP_Top10,13.0,11.700060771421754
FOODS_3_042,FOODS_3,FOODS,WI_1,WI,2016-03-12,2016-04-09,17,Smooth,28,3,MI_MLP_Top10,21.0,17.186617646514296
FOODS_3_042,FOODS_3,FOODS,WI_1,WI,2016-03-13,2016-04-10,14,Smooth,28,3,MI_MLP_Top10,16.0,16.950950424748623
FOODS_3_042,FOODS_3,FOODS,WI_1,WI,2016-03-14,2016-04-11,9,Smooth,28,3,MI_MLP_Top10,9.0,12.838242384156931
FOODS_3_042,FOODS_3,FOODS,WI_1,WI,2016-03-15,2016-04-12,9,Smooth,28,3,MI_MLP_Top10,11.0,11.182561811628613
FOODS_3_042,FOODS_3,FOODS,WI_1,WI,2016-03-16,2016-04-13,11,Smooth,28,3,MI_MLP_Top10,4.0,12.296568676549487
FOODS_3_042,FOODS_3,FOODS,WI_1,WI,2016-03-17,2016-04-14,10,Smooth,28,3,MI_MLP_Top10,11.0,12.231034620727165
FOODS_3_042,FOODS_3,FOODS,WI_1,WI,2016-03-18,2016-04-15,12,Smooth,28,3,MI_MLP_Top10,14.0,12.505965160933764
FOODS_3_042,FOODS_3,FOODS,WI_1,WI,2016-03-19,2016-04-16,16,Smooth,28,3,MI_MLP_Top10,25.0,15.984203029250413
FOODS_3_064,FOODS_3,FOODS,CA_1,CA,2016-02-29,2016-03-28,25,Intermittent,28,3,MI_MLP_Top10,17.0,26.90750274471166
FOODS_3_064,FOODS_3,FOODS,CA_1,CA,2016-03-01,2016-03-29,35,Intermittent,28,3,MI_MLP_Top10,14.0,26.62459096110963
FOODS_3_064,FOODS_3,FOODS,CA_1,CA,2016-03-02,2016-03-30,23,Intermittent,28,3,MI_MLP_Top10,17.0,21.520411848406003
FOODS_3_064,FOODS_3,FOODS,CA_1,CA,2016-03-03,2016-03-31,15,Intermittent,28,3,MI_MLP_Top10,8.0,25.565720950702275
FOODS_3_064,FOODS_3,FOODS,CA_1,CA,2016-03-04,2016-04-01,34,Intermittent,28,3,MI_MLP_Top10,31.0,24.986988359170308
FOODS_3_064,FOODS_3,FOODS,CA_1,CA,2016-03-05,2016-04-02,24,Intermittent,28,3,MI_MLP_Top10,42.0,35.80070569158096
FOODS_3_064,FOODS_3,FOODS,CA_1,CA,2016-03-06,2016-04-03,36,Intermittent,28,3,MI_MLP_Top10,24.0,26.272860848929994
FOODS_3_064,FOODS_3,FOODS,CA_1,CA,2016-03-07,2016-04-04,20,Intermittent,28,3,MI_MLP_Top10,23.0,26.609247513856
FOODS_3_064,FOODS_3,FOODS,CA_1,CA,2016-03-08,2016-04-05,20,Intermittent,28,3,MI_MLP_Top10,22.0,27.925875068012353
FOODS_3_064,FOODS_3,FOODS,CA_1,CA,2016-03-09,2016-04-06,17,Intermittent,28,3,MI_MLP_Top10,28.0,20.527400352746955
FOODS_3_064,FOODS_3,FOODS,CA_1,CA,2016-03-10,2016-04-07,18,Intermittent,28,3,MI_MLP_Top10,21.0,22.71242405937161
FOODS_3_064,FOODS_3,FOODS,CA_1,CA,2016-03-11,2016-04-08,22,Intermittent,28,3,MI_MLP_Top10,27.0,25.682122922886844
FOODS_3_064,FOODS_3,FOODS,CA_1,CA,2016-03-12,2016-04-09,34,Intermittent,28,3,MI_MLP_Top10,32.0,26.26121747944129
FOODS_3_064,FOODS_3,FOODS,CA_1,CA,2016-03-13,2016-04-10,28,Intermittent,28,3,MI_MLP_Top10,18.0,31.7847519724004
FOODS_3_064,FOODS_3,FOODS,CA_1,CA,2016-03-14,2016-04-11,16,Intermittent,28,3,MI_MLP_Top10,24.0,23.770860912345498
FOODS_3_064,FOODS_3,FOODS,CA_1,CA,2016-03-15,2016-04-12,22,Intermittent,28,3,MI_MLP_Top10,20.0,24.373200256907392
FOODS_3_064,FOODS_3,FOODS,CA_1,CA,2016-03-16,2016-04-13,22,Intermittent,28,3,MI_MLP_Top10,22.0,19.405877856266027
FOODS_3_064,FOODS_3,FOODS,CA_1,CA,2016-03-17,2016-04-14,15,Intermittent,28,3,MI_MLP_Top10,22.0,19.245188608021035
FOODS_3_064,FOODS_3,FOODS,CA_1,CA,2016-03-18,2016-04-15,30,Intermittent,28,3,MI_MLP_Top10,23.0,22.879105291761885
FOODS_3_064,FOODS_3,FOODS,CA_1,CA,2016-03-19,2016-04-16,29,Intermittent,28,3,MI_MLP_Top10,30.0,30.23089515831443
FOODS_3_086,FOODS_3,FOODS,CA_1,CA,2016-02-29,2016-03-28,2,Erratic,28,3,MI_MLP_Top10,7.0,6.74180335518556
FOODS_3_086,FOODS_3,FOODS,CA_1,CA,2016-03-01,2016-03-29,3,Erratic,28,3,MI_MLP_Top10,7.0,6.179398518024591
FOODS_3_086,FOODS_3,FOODS,CA_1,CA,2016-03-02,2016-03-30,8,Erratic,28,3,MI_MLP_Top10,2.0,6.774208006272008
FOODS_3_086,FOODS_3,FOODS,CA_1,CA,2016-03-03,2016-03-31,3,Erratic,28,3,MI_MLP_Top10,12.0,6.878522386289513
FOODS_3_086,FOODS_3,FOODS,CA_1,CA,2016-03-04,2016-04-01,5,Erratic,28,3,MI_MLP_Top10,9.0,5.981394234223613
FOODS_3_086,FOODS_3,FOODS,CA_1,CA,2016-03-05,2016-04-02,5,Erratic,28,3,MI_MLP_Top10,8.0,6.799176520770912
FOODS_3_086,FOODS_3,FOODS,CA_1,CA,2016-03-06,2016-04-03,7,Erratic,28,3,MI_MLP_Top10,6.0,6.527791498923371
FOODS_3_086,FOODS_3,FOODS,CA_1,CA,2016-03-07,2016-04-04,4,Erratic,28,3,MI_MLP_Top10,12.0,5.608170429845053
FOODS_3_086,FOODS_3,FOODS,CA_1,CA,2016-03-08,2016-04-05,0,Erratic,28,3,MI_MLP_Top10,4.0,5.3662137004148915
FOODS_3_086,FOODS_3,FOODS,CA_1,CA,2016-03-09,2016-04-06,3,Erratic,28,3,MI_MLP_Top10,6.0,5.091154119284489
FOODS_3_086,FOODS_3,FOODS,CA_1,CA,2016-03-10,2016-04-07,4,Erratic,28,3,MI_MLP_Top10,6.0,5.353427309629382
FOODS_3_086,FOODS_3,FOODS,CA_1,CA,2016-03-11,2016-04-08,8,Erratic,28,3,MI_MLP_Top10,7.0,5.275470903457394
FOODS_3_086,FOODS_3,FOODS,CA_1,CA,2016-03-12,2016-04-09,3,Erratic,28,3,MI_MLP_Top10,26.0,7.042943094201191
FOODS_3_086,FOODS_3,FOODS,CA_1,CA,2016-03-13,2016-04-10,8,Erratic,28,3,MI_MLP_Top10,10.0,6.8398644630335035
FOODS_3_086,FOODS_3,FOODS,CA_1,CA,2016-03-14,2016-04-11,3,Erratic,28,3,MI_MLP_Top10,7.0,5.713060244371204
FOODS_3_086,FOODS_3,FOODS,CA_1,CA,2016-03-15,2016-04-12,2,Erratic,28,3,MI_MLP_Top10,5.0,5.058406682841898
FOODS_3_086,FOODS_3,FOODS,CA_1,CA,2016-03-16,2016-04-13,3,Erratic,28,3,MI_MLP_Top10,4.0,5.167968211756289
FOODS_3_086,FOODS_3,FOODS,CA_1,CA,2016-03-17,2016-04-14,5,Erratic,28,3,MI_MLP_Top10,2.0,4.856119348371118
FOODS_3_086,FOODS_3,FOODS,CA_1,CA,2016-03-18,2016-04-15,4,Erratic,28,3,MI_MLP_Top10,8.0,6.651793068623141
FOODS_3_086,FOODS_3,FOODS,CA_1,CA,2016-03-19,2016-04-16,3,Erratic,28,3,MI_MLP_Top10,14.0,4.983673003736719
